,corpusid,externalids,url,title,authors,venue,publicationvenueid,year,referencecount,citationcount,influentialcitationcount,isopenaccess,s2fieldsofstudy,publicationtypes,publicationdate,journal,updated
0,108228682,"{'ACL': None, 'DBLP': None, 'ArXiv': None, 'MAG': '2921691074', 'CorpusId': '108228682', 'PubMed': None, 'DOI': None, 'PubMedCentral': None}",https://www.semanticscholar.org/paper/d5ec1ea2c9261c54cf41fef1e5c9f2f8abe28ce2,"Optimization, characterization and immobilization of alkaline protease from chicken feather and fish fin using mixed culture","[{'authorId': '93500598', 'name': 'Raid D. Thanoon'}]",,,2018.0,0,0,0,False,"[{'category': 'Agricultural And Food Sciences', 'source': 's2-fos-model'}, {'category': 'Chemistry', 'source': 'external'}]",,,"{'name': '', 'pages': None, 'volume': ''}",2022-01-27T02:09:51.713Z
1,223403092,"{'ACL': None, 'DBLP': None, 'ArXiv': None, 'MAG': '3030574868', 'CorpusId': '223403092', 'PubMed': None, 'DOI': None, 'PubMedCentral': None}",https://www.semanticscholar.org/paper/3fcfaac27cb9aa55134fc41d8597e6bfc20b625c,El paraíso republicano de la tolerancia religiosa: Los Países Bajos en el siglo XVII,"[{'authorId': '104250384', 'name': 'J. Segovia'}]",,,2018.0,0,0,0,False,,,,"{'name': '', 'pages': '557-595', 'volume': ''}",2022-01-27T03:04:16.866Z
2,212166925,"{'ACL': None, 'DBLP': None, 'ArXiv': None, 'MAG': '303548101', 'CorpusId': '212166925', 'PubMed': None, 'DOI': '10.6052/0459-1879-1957-2-1957-004', 'PubMedCentral': None}",https://www.semanticscholar.org/paper/1e69f152699d2ca34b016520c41a172778252342,马克思主义再生产理论的数学分析(二)——论生产高速上涨的条件,"[{'authorId': '135349993', 'name': '何祚庥'}, {'authorId': '136404583', 'name': '罗劲柏'}]",,,1957.0,0,0,0,False,,,1957-04-18,"{'name': '', 'pages': '184-192', 'volume': '1'}",2022-01-27T04:22:25.458Z
3,217374095,"{'ACL': None, 'DBLP': None, 'ArXiv': None, 'MAG': '2625448924', 'CorpusId': '217374095', 'PubMed': None, 'DOI': None, 'PubMedCentral': None}",https://www.semanticscholar.org/paper/705b2604a529cb365e39ee55632b3b89437b8c4d,加快推进我省粮食加工业发展发挥好维护国家粮食安全“压舱石”作用,"[{'authorId': '136239871', 'name': '王乃巨'}]",,,2016.0,0,0,0,False,,,,"{'name': '', 'pages': '9-9', 'volume': ''}",2022-01-27T05:28:45.020Z
4,209888545,"{'ACL': None, 'DBLP': None, 'ArXiv': None, 'MAG': '2810609952', 'CorpusId': '209888545', 'PubMed': None, 'DOI': None, 'PubMedCentral': None}",https://www.semanticscholar.org/paper/b6538be2201cb83b342fbfe913ab8dd55ad38c2d,Rotable conveying unit in fixing mechanism,"[{'authorId': '1477587092', 'name': '菱川恭秀'}]",,,1990.0,0,0,0,False,,,1990-04-03,"{'name': '', 'pages': None, 'volume': ''}",2022-01-23T02:56:41.924Z
5,185704803,"{'ACL': None, 'DBLP': None, 'ArXiv': None, 'MAG': '2503128914', 'CorpusId': '185704803', 'PubMed': None, 'DOI': '10.1515/9783484970731.3.249', 'PubMedCentral': None}",https://www.semanticscholar.org/paper/90a77cb68c53f28954c2c2654bb921a4d7605a8d,Salutogenetische Psychosomatik und Psychotherapie. Ressourcenorientiertes Vorgehen und positives Menschenbild im ergebnisorientierten Zeitalter,"[{'authorId': '80594038', 'name': 'D. Grönemeyer'}, {'authorId': '83568966', 'name': 'T. Kobusch'}, {'authorId': '143925328', 'name': 'H. Schott'}, {'authorId': '82003655', 'name': 'T. Welt'}]",,,2008.0,0,0,0,False,,,2008-01-12,"{'name': '', 'pages': None, 'volume': ''}",2022-01-23T03:41:45.729Z
6,178503351,"{'ACL': None, 'DBLP': None, 'ArXiv': None, 'MAG': '1517813643', 'CorpusId': '178503351', 'PubMed': None, 'DOI': '10.21031/EPOD.45799', 'PubMedCentral': None}",https://www.semanticscholar.org/paper/5789b87cb4d584e01aaafcac041d2d3747b19d0c,Ülkemizde Ölçme ve Değerlendirmenin Dünü – Bugünü ve Yarını - Dünü,"[{'authorId': '144872225', 'name': 'M. Turğut'}]",,,2011.0,0,1,0,False,,,2011-04-01,"{'name': '', 'pages': None, 'volume': '2'}",2022-01-23T03:46:44.319Z
7,200546598,"{'ACL': None, 'DBLP': None, 'ArXiv': None, 'MAG': '2596157869', 'CorpusId': '200546598', 'PubMed': None, 'DOI': None, 'PubMedCentral': None}",https://www.semanticscholar.org/paper/3d17ce03ce5afa7c690874ffb215ce9f8cb2bfd4,Børnelitteratur i bevægelse: - digital litteratur for børn ud fra en intermedial tilgang,"[{'authorId': '72737341', 'name': 'Ayoe Qvist Henkel'}]",,,2016.0,0,0,0,False,,,2016-08-31,"{'name': '', 'pages': None, 'volume': ''}",2022-01-24T18:57:36.975Z
8,176667917,"{'ACL': None, 'DBLP': None, 'ArXiv': None, 'MAG': '655300700', 'CorpusId': '176667917', 'PubMed': None, 'DOI': None, 'PubMedCentral': None}",https://www.semanticscholar.org/paper/740fa76d118e515a63d2057950ddc85e95e5539d,トリプルセル方式高温DSCによる熱容量の精密測定 (素材開発と熱物性 ) -- (最新の熱測定技術),"[{'authorId': '67157671', 'name': '高橋 洋一'}]",,,1992.0,0,0,0,False,,,1992-09-01,"{'name': '', 'pages': '23-32', 'volume': ''}",2022-01-24T19:10:47.370Z
9,125999022,"{'ACL': None, 'DBLP': None, 'ArXiv': None, 'MAG': '2772519012', 'CorpusId': '125999022', 'PubMed': None, 'DOI': '10.20885/IJCER.VOL1.ISS1.ART2', 'PubMedCentral': None}",https://www.semanticscholar.org/paper/f89147c834f1071674faef0737f0e7fa4427859e,Group Resume Learning through Drama in Instructional Technology Course,"[{'authorId': '73226579', 'name': 'Artina Diniaty'}, {'authorId': '1411704300', 'name': 'Lina Fauzi’ah'}]",,,2017.0,4,0,0,False,"[{'category': 'Education', 'source': 's2-fos-model'}, {'category': 'Psychology', 'source': 'external'}]",,2017-08-19,"{'name': '', 'pages': '9-12', 'volume': '1'}",2022-01-27T05:48:23.917Z
10,72283061,"{'ACL': None, 'DBLP': None, 'ArXiv': None, 'MAG': '2017780921', 'CorpusId': '72283061', 'PubMed': None, 'DOI': '10.4236/OJIM.2012.24032', 'PubMedCentral': None}",https://www.semanticscholar.org/paper/9368060ba7b3d61429d011e86202e470e524998e,Hypertrophic osteoarthropathy as the cause of situs inversus totalis: A case report,"[{'authorId': '80913488', 'name': 'Esteban Grandy'}, {'authorId': '8291455', 'name': 'Giuseppe Grandy'}]",,,2012.0,11,0,0,True,"[{'category': 'Medicine', 'source': 's2-fos-model'}, {'category': 'Medicine', 'source': 'external'}]",,2012-12-17,"{'name': 'Open Journal of Internal Medicine', 'pages': '198-201', 'volume': '02'}",2022-01-27T09:58:54.282Z
11,198185421,"{'ACL': None, 'DBLP': None, 'ArXiv': None, 'MAG': None, 'CorpusId': '198185421', 'PubMed': None, 'DOI': None, 'PubMedCentral': None}",https://www.semanticscholar.org/paper/6d72bde5a606abdc742b6cebee83f89575ba6dbd,An Experimental Measurement of Diversion Owing to Ramp Meters,"[{'authorId': '1832143867', 'name': 'Jingcheng Wu'}]",,,2007.0,8,1,0,False,,['Review'],,,2022-01-27T10:48:04.578Z
12,228058419,"{'ACL': None, 'DBLP': None, 'ArXiv': None, 'MAG': '948467161', 'CorpusId': '228058419', 'PubMed': None, 'DOI': None, 'PubMedCentral': None}",https://www.semanticscholar.org/paper/95b6b49d1f7488a2dca43141113f94e0b2d309b7,论夏洛蒂·勃朗特的自卑心理及其在《简·爱》中的投射,"[{'authorId': '96875297', 'name': '刘春萍'}]",,,2010.0,0,0,0,False,,,,"{'name': '', 'pages': '143-147', 'volume': ''}",2022-01-27T12:28:49.393Z
13,191969151,"{'ACL': None, 'DBLP': None, 'ArXiv': None, 'MAG': '2272903456', 'CorpusId': '191969151', 'PubMed': None, 'DOI': None, 'PubMedCentral': None}",https://www.semanticscholar.org/paper/e9e853061a97ddd8666a4352da24411ba9e25d17,Somarriba logró un oro histórico en la crono y Ljungskog revalidó su título : una avería eliminó a la vizcaína en la prueba de línea / Jorge Quintana.,"[{'authorId': '122084960', 'name': 'Jorge. Quintana'}]",,,2014.0,0,0,0,False,,,2014-12-02,"{'name': '', 'pages': None, 'volume': ''}",2022-01-27T13:09:40.216Z
14,179127609,"{'ACL': None, 'DBLP': None, 'ArXiv': None, 'MAG': '1486245815', 'CorpusId': '179127609', 'PubMed': None, 'DOI': None, 'PubMedCentral': None}",https://www.semanticscholar.org/paper/2f7de128564c4b0ec1ea93b648000a7bce819300,Przystosowanie systemu SOUT do celów dydaktycznych,"[{'authorId': '46742775', 'name': 'J. Pawlicki'}, {'authorId': '2494703', 'name': 'G. Karon'}, {'authorId': '3347139', 'name': 'I. Celinski'}]",,,1998.0,0,0,0,False,,,,,2022-01-27T13:26:09.578Z
15,224253153,"{'ACL': None, 'DBLP': None, 'ArXiv': None, 'MAG': '2893572889', 'CorpusId': '224253153', 'PubMed': None, 'DOI': None, 'PubMedCentral': None}",https://www.semanticscholar.org/paper/98277a972607124b942866deae44abbc8b014a96,俞文青教授编著的《建设项目管理学》一书问世,"[{'authorId': '2000309258', 'name': '纯淳'}]",,,,0,0,0,False,,,,"{'name': 'Journal of finance and economics', 'pages': '42', 'volume': '15'}",2022-01-27T14:29:17.721Z
16,227368074,"{'ACL': None, 'DBLP': None, 'ArXiv': None, 'MAG': '3083193434', 'CorpusId': '227368074', 'PubMed': None, 'DOI': None, 'PubMedCentral': None}",https://www.semanticscholar.org/paper/455c7f412e833ba9c1cb5b46ed5091dcb02d2440,Bosnie-Herzégovine: anatomie d'une poudrière,"[{'authorId': '105038705', 'name': 'Xavier Bougarel'}]",,,1992.0,0,5,2,False,,,,"{'name': '', 'pages': '84-147', 'volume': ''}",2022-01-27T16:27:03.242Z
17,235556760,"{'ACL': None, 'DBLP': None, 'ArXiv': None, 'MAG': '3158970197', 'CorpusId': '235556760', 'PubMed': None, 'DOI': '10.5897/AJAR2020.15287', 'PubMedCentral': None}",https://www.semanticscholar.org/paper/4eee2c69e5f857dcb53dabdff9374729805c7d19,"Effect of powder and extract of Ritchiea reflexa (Thonn.) Gilg et Benedict and Ctenium elegans Kunth on Amitermes evuncifer Blattodea, Termitinae","[{'authorId': '2114670635', 'name': 'Kodjo Adande'}, {'authorId': '12903904', 'name': 'Oudjaniyobi Simalou'}, {'authorId': '15231875', 'name': 'B. D. Kasseney'}, {'authorId': '88971705', 'name': 'Eyabana Mollong'}]",,,2021.0,0,0,0,False,"[{'category': 'Biology', 'source': 's2-fos-model'}, {'category': 'Biology', 'source': 'external'}]",,2021-04-30,"{'name': 'African Journal of Agricultural Research', 'pages': '666-674', 'volume': '17'}",2022-01-27T20:14:19.114Z
18,217433162,"{'ACL': None, 'DBLP': None, 'ArXiv': None, 'MAG': '2749660157', 'CorpusId': '217433162', 'PubMed': None, 'DOI': None, 'PubMedCentral': None}",https://www.semanticscholar.org/paper/7df6ed92705dcc5fd6fa249e6b4549b108868bef,海底地理的実体命名による大陸架Hua界への影響-日本を例として-【JST・京大機械翻訳】,"[{'authorId': '67344332', 'name': 'Huang Wenxing'}, {'authorId': '100923270', 'name': 'Zhu Ben-duo'}, {'authorId': '9427070', 'name': 'L. Liqiang'}, {'authorId': '30648198', 'name': 'Zhang Jinpeng'}]",,,2016.0,0,0,0,False,,,,"{'name': '', 'pages': '819', 'volume': '31'}",2022-01-27T16:41:51.634Z
19,200436852,"{'ACL': None, 'DBLP': None, 'ArXiv': None, 'MAG': '2395940959', 'CorpusId': '200436852', 'PubMed': None, 'DOI': None, 'PubMedCentral': None}",https://www.semanticscholar.org/paper/adedca0eb5751de46bc164f0c6d4c414f428d912,Pacto Global España adhiere 50 nuevas empresas y organizaciones,"[{'authorId': '89818221', 'name': 'José Catenacci'}]",,,2011.0,0,0,0,False,,,,"{'name': '', 'pages': None, 'volume': ''}",2022-01-27T18:33:23.912Z
20,115263329,"{'ACL': None, 'DBLP': None, 'ArXiv': None, 'MAG': '2758056936', 'CorpusId': '115263329', 'PubMed': None, 'DOI': None, 'PubMedCentral': None}",https://www.semanticscholar.org/paper/e5ab656b01bc87c761b340023a925d50e829bcea,Gas turbine having a locking plate between the blade root and the disk,"[{'authorId': '1450478187', 'name': 'クリストフ・シーファー'}, {'authorId': '1450465661', 'name': 'ニコラス・エフ・マーティン'}, {'authorId': '1412330897', 'name': 'ペーター・シュレーダー'}, {'authorId': '1450461797', 'name': 'ベルント・ファン・デン・トールン'}]",,,2009.0,0,0,0,False,"[{'category': 'Engineering', 'source': 's2-fos-model'}, {'category': 'Materials Science', 'source': 's2-fos-model'}, {'category': 'Engineering', 'source': 'external'}]",,2009-09-10,,2022-01-27T20:31:43.179Z
21,223824009,"{'ACL': None, 'DBLP': None, 'ArXiv': None, 'MAG': '357368066', 'CorpusId': '223824009', 'PubMed': None, 'DOI': None, 'PubMedCentral': None}",https://www.semanticscholar.org/paper/6468723a2d65ca5e8035630b68dbe10adf8152af,最近の情報処理技術〔第9回〕:機械翻訳,"[{'authorId': '73303279', 'name': '野村 浩郷'}]",,,1982.0,0,0,0,False,,,,"{'name': '', 'pages': '808-818', 'volume': '25'}",2022-02-08T00:33:06.673Z
22,221904392,"{'ACL': None, 'DBLP': None, 'ArXiv': None, 'MAG': '618358067', 'CorpusId': '221904392', 'PubMed': None, 'DOI': None, 'PubMedCentral': None}",https://www.semanticscholar.org/paper/90b1e011b82b591fb27ba983ac8e08a1563b48ce,"(Rez.:) Bill, Ralf: Grundlagen der Geo-Informationssysteme. Bd. 2: Analysen, Anwendungen und neue Entwicklungen. Heidelberg: Wichmann, 1996","[{'authorId': '69893311', 'name': 'R. Seuss'}]",,,1997.0,0,2,0,False,,,,"{'name': '', 'pages': None, 'volume': ''}",2022-02-08T01:01:23.621Z
23,193910190,"{'ACL': None, 'DBLP': None, 'ArXiv': None, 'MAG': '2743422950', 'CorpusId': '193910190', 'PubMed': None, 'DOI': None, 'PubMedCentral': None}",https://www.semanticscholar.org/paper/a3827cbbfa89c60745ae625cdf44397817bf428e,Construcción de un Edificio de Oficinas de 8 pisos – 01 sótano y 01 semisótano. ¨Centro Empresarial Efi100tech¨,"[{'authorId': '146441184', 'name': 'Carpio Torres'}, {'authorId': '133840494', 'name': 'C. Alberto'}]",,,2011.0,0,0,0,False,,,,"{'name': '', 'pages': None, 'volume': ''}",2022-02-08T08:18:46.326Z
24,193986636,"{'ACL': None, 'DBLP': None, 'ArXiv': None, 'MAG': '2787621206', 'CorpusId': '193986636', 'PubMed': None, 'DOI': None, 'PubMedCentral': None}",https://www.semanticscholar.org/paper/a63bcbce5ca82b2839014eb7edb03db2b0a7a8c8,Penyelidikan Disentegrasi Tablet Salut enterik Pas-Na Yang Beredar di Apotik-Apotik Kota Surabaya,"[{'authorId': '146726313', 'name': 'Ff. Mangestuti'}]",,,1988.0,0,0,0,False,,['Review'],,,2022-02-08T08:18:46.576Z
25,194568354,"{'ACL': None, 'DBLP': None, 'ArXiv': None, 'MAG': '2761115943', 'CorpusId': '194568354', 'PubMed': None, 'DOI': None, 'PubMedCentral': None}",https://www.semanticscholar.org/paper/4dca69d91894625344d7d4ce8bc253824977ee31,Animations d'avatar commandées par utilisateur interactif,"[{'authorId': '2068285081', 'name': 'Phil Harrison'}, {'authorId': '2095043654', 'name': 'Scott Christopher Waugaman'}, {'authorId': '146860121', 'name': 'Gray M. Zalewski'}]",,,2008.0,0,0,0,False,,,,,2022-02-08T08:14:33.759Z
26,193721531,"{'ACL': None, 'DBLP': None, 'ArXiv': None, 'MAG': '2575859597', 'CorpusId': '193721531', 'PubMed': None, 'DOI': None, 'PubMedCentral': None}",https://www.semanticscholar.org/paper/59945c521c52bb1573e4540cda1b7dec84927893,Ontwikkeling van een FAST-LC methode voor een aantal nitrofuranen in vlees en melk,"[{'authorId': '94340791', 'name': 'Rijks-Kwaliteitsinstituut voor Land en Tuinbouwprodukten'}]",,,1985.0,0,0,0,False,,,,,2022-02-08T08:19:25.197Z
27,201480471,"{'ACL': None, 'DBLP': None, 'ArXiv': None, 'MAG': '2965816640', 'CorpusId': '201480471', 'PubMed': None, 'DOI': '10.11606/D.3.2019.tde-09052019-081858', 'PubMedCentral': None}",https://www.semanticscholar.org/paper/8f24caaad7a63a99eadcf9abd55318604607d28a,Edifícios de estrutura de aço: segurança contra incêndio e sistemas de proteção da estrutura.,"[{'authorId': '152543914', 'name': 'S. Melhado'}]",,,1990.0,0,0,0,True,,,,"{'name': '', 'pages': None, 'volume': ''}",2022-02-08T05:06:48.457Z
28,233031856,"{'ACL': None, 'DBLP': None, 'ArXiv': None, 'MAG': None, 'CorpusId': '233031856', 'PubMed': None, 'DOI': None, 'PubMedCentral': None}",https://www.semanticscholar.org/paper/cc129a069c823400a578f209f19f4f707adcf6bc,THe iNFLueNce OF cOAcHiNG ON THe DeVeLOPMeNT OF MANAGeR’S,"[{'authorId': '97542604', 'name': 'Leader Skills'}]",,,2019.0,17,0,0,False,,,,,2022-02-07T21:56:01.195Z
29,227683652,"{'ACL': None, 'DBLP': None, 'ArXiv': None, 'MAG': '3032265946', 'CorpusId': '227683652', 'PubMed': None, 'DOI': '10.3760/CMA.J.ISSN.1673-4246.2006.01.003', 'PubMedCentral': None}",https://www.semanticscholar.org/paper/625ff7aab37960dfd5d4bafa3602f0621418c16f,Guideline of the practical clearance of the commerce at ports of Finland,"[{'authorId': '2104470370', 'name': '肖诗鹰'}, {'authorId': '83231700', 'name': '刘铜华'}]",,,2006.0,0,0,0,False,"[{'category': 'Agricultural And Food Sciences', 'source': 's2-fos-model'}, {'category': 'Business', 'source': 'external'}]",,2006-01-30,"{'name': 'Traditional Chinese Medicine', 'pages': '133-135', 'volume': '28'}",2022-02-07T23:25:28.496Z
30,226918383,"{'ACL': None, 'DBLP': None, 'ArXiv': None, 'MAG': '3016832119', 'CorpusId': '226918383', 'PubMed': None, 'DOI': None, 'PubMedCentral': None}",https://www.semanticscholar.org/paper/195c34eccfe4356cf7a1aca3bcc0474a0686c7e7,"The US FTC challenges a merger in what it defines as markets for the retail sale of gasoline and the retail sale of diesel, and requires divestitures in 10 local geographic markets (Alimentation Couche-Tard / Holiday)","[{'authorId': '123215032', 'name': 'Gregory E. Heltzer'}, {'authorId': '32792907', 'name': 'A. L. Hamilton'}, {'authorId': '133769524', 'name': 'Christian Krohs'}, {'authorId': '120036216', 'name': 'Daniel Powers'}, {'authorId': '96559184', 'name': 'David Henry'}]",,,2017.0,0,0,0,False,"[{'category': 'Economics', 'source': 's2-fos-model'}, {'category': 'Business', 'source': 'external'}]",,2017-12-28,"{'name': '', 'pages': None, 'volume': ''}",2022-02-07T23:41:24.863Z
31,224582261,"{'ACL': None, 'DBLP': None, 'ArXiv': None, 'MAG': '931222617', 'CorpusId': '224582261', 'PubMed': None, 'DOI': None, 'PubMedCentral': None}",https://www.semanticscholar.org/paper/e22c2bc0fbc86c3694df17859bd23abcefa01431,论民生问题的刑法规制——以《刑法修正案（八）》为视角,"[{'authorId': '152550368', 'name': '张凯'}, {'authorId': '2002659280', 'name': '陶梦龙'}]",,,2013.0,0,0,0,False,,,,"{'name': '', 'pages': '98-102', 'volume': ''}",2022-02-08T00:21:46.643Z
32,224692389,"{'ACL': None, 'DBLP': None, 'ArXiv': None, 'MAG': '1030523628', 'CorpusId': '224692389', 'PubMed': None, 'DOI': None, 'PubMedCentral': None}",https://www.semanticscholar.org/paper/6669623175058f1cc2311238db5be234a48a6b07,脉冲激光沉积法制备的Pb（Zr0.4Ti0.6）O3铁电薄膜漏电机理,"[{'authorId': '94384588', 'name': '陈剑辉'}, {'authorId': '91066114', 'name': '刘保亭'}, {'authorId': '152127172', 'name': '孙杰'}, {'authorId': '2002858749', 'name': '霍骥川'}, {'authorId': '116490657', 'name': '赵敬伟'}, {'authorId': '83072151', 'name': '王玉强'}, {'authorId': '91596515', 'name': '赵庆勋'}]",,,2009.0,0,0,0,False,,,,"{'name': '', 'pages': '474-479', 'volume': '29'}",2022-02-08T00:22:14.750Z
33,221596894,"{'ACL': None, 'DBLP': None, 'ArXiv': None, 'MAG': '2989797875', 'CorpusId': '221596894', 'PubMed': None, 'DOI': '10.3406/rhpr.1999.5551', 'PubMedCentral': None}",https://www.semanticscholar.org/paper/667c160baec3139d3533fe58837ce3ba329d33f3,La notion d'epieikeia chez Martin Luther (à suivre),"[{'authorId': '117692951', 'name': 'M. Arnold'}]",,,1999.0,0,2,0,False,,,,"{'name': '', 'pages': '187-208', 'volume': '79'}",2022-02-08T01:09:06.811Z
34,218343366,"{'ACL': None, 'DBLP': None, 'ArXiv': None, 'MAG': '2300887858', 'CorpusId': '218343366', 'PubMed': None, 'DOI': None, 'PubMedCentral': None}",https://www.semanticscholar.org/paper/9922c1e954f6762dc9e8a8ddf1ae76a8039267a0,从姚鼐《古文辞类纂》“哀祭类”收录楚辞看古代文章的分类,"[{'authorId': '135490149', 'name': '吕双伟'}]",,,2015.0,0,0,0,False,,,,"{'name': '', 'pages': '25-29', 'volume': '36'}",2022-02-08T01:49:14.440Z
35,219492314,"{'ACL': None, 'DBLP': None, 'ArXiv': None, 'MAG': '3026067200', 'CorpusId': '219492314', 'PubMed': None, 'DOI': None, 'PubMedCentral': None}",https://www.semanticscholar.org/paper/dfdd25c00e1307c37bc6b298b19506ff19cbbea4,Overvåking av effekter av tiltak for truede arter og naturtyper,"[{'authorId': '5951409', 'name': 'Marianne Evju'}, {'authorId': '104316071', 'name': 'Hanne Hegre'}, {'authorId': '6526944', 'name': 'A. Lyngstad'}, {'authorId': '52286385', 'name': 'E. Svalheim'}, {'authorId': '47610937', 'name': 'Pål Thorvaldsen'}, {'authorId': '2096976505', 'name': 'Lise Tingstad'}, {'authorId': '3574639', 'name': 'L. G. Velle'}, {'authorId': '5946113', 'name': 'Dag-Inge Øien'}, {'authorId': '116896572', 'name': 'Erik Framstad'}]",,,2020.0,0,0,0,False,,,,"{'name': '', 'pages': None, 'volume': ''}",2022-02-08T01:34:47.794Z
36,213947167,"{'ACL': None, 'DBLP': None, 'ArXiv': None, 'MAG': '2991402914', 'CorpusId': '213947167', 'PubMed': None, 'DOI': None, 'PubMedCentral': None}",https://www.semanticscholar.org/paper/facca0cc375cf2b6ed2109ecd4c76991af0820a1,APLIKASI PUPUK ORGANIK PADAT (POP) TANDAN KOSONG KELAPA SAWIT (TKKS) TERHADAP PERTUMBUHAN DAN HASIL MENTIMUN,"[{'authorId': '1581894579', 'name': 'Okta Viona'}, {'authorId': '152574214', 'name': 'B. Faiz'}, {'authorId': '87303876', 'name': 'R. Atra'}]",,,2019.0,0,0,0,False,,,2019-09-01,"{'name': '', 'pages': None, 'volume': ''}",2022-02-08T02:37:29.280Z
37,212360742,"{'ACL': None, 'DBLP': None, 'ArXiv': None, 'MAG': '290359788', 'CorpusId': '212360742', 'PubMed': None, 'DOI': None, 'PubMedCentral': None}",https://www.semanticscholar.org/paper/f13d93b3967e1e2598158f116a414326b107b640,"优秀建筑论—淡化“风格”“流派”,创造“优秀建筑”","[{'authorId': '136585115', 'name': '邹德侬'}, {'authorId': '101337777', 'name': '杨昌鸣'}]",,,1994.0,0,0,0,False,,,,"{'name': '', 'pages': '36-39', 'volume': ''}",2022-02-08T03:00:34.181Z
38,185119181,"{'ACL': None, 'DBLP': None, 'ArXiv': None, 'MAG': '2726266863', 'CorpusId': '185119181', 'PubMed': None, 'DOI': None, 'PubMedCentral': None}",https://www.semanticscholar.org/paper/3b9ec9792762d5e34639291537b07b13397e57dd,"Woning, werk, wederhelft: Wat is waar van een oude wijsheid?","[{'authorId': '2070460135', 'name': 'F. Weerman'}, {'authorId': '152501265', 'name': 'J. Keijser'}, {'authorId': '144030108', 'name': 'W. Huisman'}]",,,2015.0,0,1,0,False,,,,"{'name': '', 'pages': '545-553', 'volume': '45'}",2022-02-08T11:37:56.266Z
39,184301721,"{'ACL': None, 'DBLP': None, 'ArXiv': None, 'MAG': '2344617804', 'CorpusId': '184301721', 'PubMed': None, 'DOI': None, 'PubMedCentral': None}",https://www.semanticscholar.org/paper/085bb048a3cf7f5a1fc65b3c9efc3d50427b55d5,Murre lukemisen opetuksessa,"[{'authorId': '147334778', 'name': 'Laina Lumio'}]",,,,0,0,0,False,,,,"{'name': '', 'pages': '49', 'volume': '13'}",2022-02-08T11:57:33.417Z
40,181891393,"{'ACL': None, 'DBLP': None, 'ArXiv': None, 'MAG': '599966902', 'CorpusId': '181891393', 'PubMed': None, 'DOI': None, 'PubMedCentral': None}",https://www.semanticscholar.org/paper/8e50cc165293ab7e719777db0ffb9f8112dc23a2,特別講演(公開講座)より 公開講座「原発事故と子ども : 子どもの未来を考える」,"[{'authorId': '136332994', 'name': '神戸 信行'}]",,,2013.0,0,0,0,False,,,,,2022-02-08T13:06:44.888Z
41,181015416,"{'ACL': None, 'DBLP': None, 'ArXiv': None, 'MAG': '2265662057', 'CorpusId': '181015416', 'PubMed': None, 'DOI': None, 'PubMedCentral': None}",https://www.semanticscholar.org/paper/7575ab1488db16b7d8280ee762e95dac02acb2f3,阿胶多造假 “国粹”失底气,"[{'authorId': '114348084', 'name': '郝洪'}]",,,2010.0,0,0,0,False,,,,"{'name': '', 'pages': '38-38', 'volume': ''}",2022-02-08T13:17:05.063Z
42,179246149,"{'ACL': None, 'DBLP': None, 'ArXiv': None, 'MAG': '2256953125', 'CorpusId': '179246149', 'PubMed': None, 'DOI': None, 'PubMedCentral': None}",https://www.semanticscholar.org/paper/bf81630029e7641e5406dc71177a66788b401758,蕴寓自然气 抒写美妙诗——张魁书法艺术欣赏,"[{'authorId': '51997997', 'name': '张涛'}]",,,2009.0,0,0,0,False,,,,,2022-02-08T14:05:23.657Z
43,178935164,"{'ACL': None, 'DBLP': None, 'ArXiv': None, 'MAG': '1523306844', 'CorpusId': '178935164', 'PubMed': None, 'DOI': None, 'PubMedCentral': None}",https://www.semanticscholar.org/paper/d0e192a911ae51d3ecdc20e9fa4b2e5ede624ab0,"Reseña de ""TEJIDOS ONÍRICOS: MOVILIDAD, CAPITALISMO Y BIOPOLÍTICA EN BOGOTÁ (1910-1930)"" de Santiago Castro-Gómez","[{'authorId': '115955642', 'name': 'César Andrés Ospina Mesa'}]",,,2010.0,0,1,0,False,,,,"{'name': '', 'pages': '262-264', 'volume': ''}",2022-02-08T14:11:47.624Z
44,172995394,"{'ACL': None, 'DBLP': None, 'ArXiv': None, 'MAG': '20175762', 'CorpusId': '172995394', 'PubMed': None, 'DOI': None, 'PubMedCentral': None}",https://www.semanticscholar.org/paper/6a139f736f9c788c422892d781a965b005696fcd,Apuntes doctrinales y jurisprudenciales acerca de la problemática existente por la firma de pagarés en blanco como garantía de contratos mercantiles sin intervención de corredor de comercio,"[{'authorId': '134688811', 'name': 'Ricardo Balansó Zapater'}]",,,2000.0,0,0,0,False,,,,"{'name': '', 'pages': '145-162', 'volume': '99'}",2022-02-08T16:08:50.409Z
45,194684682,"{'ACL': None, 'DBLP': None, 'ArXiv': None, 'MAG': '2610307935', 'CorpusId': '194684682', 'PubMed': None, 'DOI': None, 'PubMedCentral': None}",https://www.semanticscholar.org/paper/1833ecfeb023ad075dc11dbdf5587dbf7f614ce5,Acercamiento retrospectivo y compilatorio a la obra de Manuel Guillermo Cantor Sánchez,"[{'authorId': '144036713', 'name': 'G. Gallego'}, {'authorId': '83743489', 'name': 'Jhon Fredy'}]",,,2016.0,0,0,0,False,,,,"{'name': '', 'pages': None, 'volume': ''}",2022-02-08T08:13:28.137Z
46,170979754,"{'ACL': None, 'DBLP': None, 'ArXiv': None, 'MAG': '1582287960', 'CorpusId': '170979754', 'PubMed': None, 'DOI': None, 'PubMedCentral': None}",https://www.semanticscholar.org/paper/db83aa6706e4c3f4e80797194bfb111688e42c29,Desenvolvimento de um nanosensor para deteção do risco de doenças cardiovasculares no âmbito do projeto CARDIOSENSOR,"[{'authorId': '2081092052', 'name': 'Celine I.L. Justino'}, {'authorId': '2064922107', 'name': 'K. Duarte'}, {'authorId': '122884251', 'name': 'A. C. Freitas'}, {'authorId': '2068948730', 'name': 'R. Pereira'}, {'authorId': '2055531198', 'name': 'Paulo Castro Chaves'}, {'authorId': '2076565056', 'name': 'Paulo Bettencourt'}, {'authorId': '143751985', 'name': 'Susana Cardoso'}, {'authorId': '35100858', 'name': 'Armando C. Duarte'}, {'authorId': '2071482168', 'name': 'T. Rocha-Santos'}]",,,2014.0,7,0,0,False,,,2014-09-08,"{'name': '', 'pages': None, 'volume': '5'}",2022-02-08T17:04:56.269Z
47,170053568,"{'ACL': None, 'DBLP': None, 'ArXiv': None, 'MAG': '41205660', 'CorpusId': '170053568', 'PubMed': None, 'DOI': None, 'PubMedCentral': None}",https://www.semanticscholar.org/paper/46d0729ed375b3b95c31c2122f185cb7b65d72bc,Professores de língua inglesa da rede pública estadual de ensino e suas crenças sobre o evento-aula,"[{'authorId': '134454988', 'name': 'Maria Valésia da Silva Pirovano'}]",,,2001.0,0,0,0,False,,,,"{'name': '', 'pages': None, 'volume': ''}",2022-02-08T17:32:08.212Z
48,169913818,"{'ACL': None, 'DBLP': None, 'ArXiv': None, 'MAG': '2790177460', 'CorpusId': '169913818', 'PubMed': None, 'DOI': None, 'PubMedCentral': None}",https://www.semanticscholar.org/paper/e2e96f68ac501bedd578e09139160e8e88b84252,Risk Management in Dike Reconstruction: Risk Framework and Application,"[{'authorId': '133661703', 'name': 'A. Santosa'}]",,,2017.0,0,0,0,False,"[{'category': 'Business', 'source': 's2-fos-model'}, {'category': 'Computer Science', 'source': 'external'}]",,,"{'name': '', 'pages': None, 'volume': ''}",2022-02-08T17:36:35.915Z
49,167372667,"{'ACL': None, 'DBLP': None, 'ArXiv': None, 'MAG': '2349484398', 'CorpusId': '167372667', 'PubMed': None, 'DOI': None, 'PubMedCentral': None}",https://www.semanticscholar.org/paper/b1a26af95b02deba3c677c4101cab8eaf47dc13e,A Study of the Tourism Resources in Hebei Folk Customs and Development Tactics,"[{'authorId': '98380623', 'name': 'Wang Yu'}]",,,2002.0,0,0,0,False,"[{'category': 'Education', 'source': 's2-fos-model'}, {'category': 'Business', 'source': 'external'}]",,,"{'name': 'Hebei Academic Journal', 'pages': None, 'volume': ''}",2022-02-08T19:01:37.019Z
50,166885024,"{'ACL': None, 'DBLP': None, 'ArXiv': None, 'MAG': '1163273878', 'CorpusId': '166885024', 'PubMed': None, 'DOI': None, 'PubMedCentral': None}",https://www.semanticscholar.org/paper/d2897e92832ab090587e19dd505fbfb917dd716d,Building The New Dimension Of Strategic Corporate Social Responsibility: Environmental Leadership,"[{'authorId': '77726518', 'name': 'M. Nastase'}, {'authorId': '97300222', 'name': 'Oana Ţăpurică'}, {'authorId': '92478713', 'name': 'F. Tache'}, {'authorId': '100701004', 'name': 'Florin Anghel'}]",,,2010.0,0,0,0,False,"[{'category': 'Business', 'source': 's2-fos-model'}, {'category': 'Business', 'source': 'external'}]",,,,2022-02-08T19:15:49.725Z
51,165805967,"{'ACL': None, 'DBLP': None, 'ArXiv': None, 'MAG': '2789551235', 'CorpusId': '165805967', 'PubMed': None, 'DOI': '10.26807/ant.v0i8.101', 'PubMedCentral': None}",https://www.semanticscholar.org/paper/642c496e5e9c968183ec26dbda6f8564bca79adb,"El reto de la interculturalidad: Interculturalidad, plurinacionalidad y ciencias sociales en el Ecuador","[{'authorId': '145981958', 'name': 'Susana L. A. Andrade'}]",,,2017.0,0,0,0,True,,,2017-08-01,"{'name': '', 'pages': '13-23', 'volume': ''}",2022-02-08T19:47:26.106Z
52,183955969,"{'ACL': None, 'DBLP': None, 'ArXiv': None, 'MAG': '2482523552', 'CorpusId': '183955969', 'PubMed': None, 'DOI': '10.1055/B-0034-6817', 'PubMedCentral': None}",https://www.semanticscholar.org/paper/4115c01a09eb9d3d6b0da40cbe7150d20cba08e2,Retrainingtherapie nach ADANO-Kriterien,"[{'authorId': '6460466', 'name': 'M. Nelting'}]",,,2003.0,0,0,0,False,,,,"{'name': '', 'pages': None, 'volume': ''}",2022-02-08T12:06:34.777Z
53,177041167,"{'ACL': None, 'DBLP': None, 'ArXiv': None, 'MAG': '1509743114', 'CorpusId': '177041167', 'PubMed': None, 'DOI': None, 'PubMedCentral': None}",https://www.semanticscholar.org/paper/ffc599f41e9eaf3c202e95e69a24f36eb1b9e809,Allocation universelle et impôt négatif,"[{'authorId': '115801003', 'name': 'C. Joyeux'}, {'authorId': '102515450', 'name': 'Danièle Meulders'}]",,,1999.0,0,0,0,False,,,,"{'name': 'Brussels economic review', 'pages': '3-26', 'volume': '161'}",2022-02-08T15:07:45.507Z
54,172096177,"{'ACL': None, 'DBLP': None, 'ArXiv': None, 'MAG': '2772308667', 'CorpusId': '172096177', 'PubMed': None, 'DOI': None, 'PubMedCentral': None}",https://www.semanticscholar.org/paper/7af8644383d01f2820a413b982eb136677b871c8,A INCLUSÃO A PARTIR DA CONCEPÇÃO DOS PROFESSORES SUPERVISORES DO PROGRAMA PIDID,"[{'authorId': '2061643963', 'name': 'Diana de Souza Moura'}, {'authorId': '73913671', 'name': 'Robson Alex Ferreira'}, {'authorId': '123103293', 'name': 'Viviany da Silva Brugnhago'}, {'authorId': '24780377', 'name': 'Alexandre Barbosa de Oliveira'}]",,,2017.0,0,0,0,False,,,2017-08-25,"{'name': '', 'pages': None, 'volume': ''}",2022-02-08T16:30:26.591Z
55,172062322,"{'ACL': None, 'DBLP': None, 'ArXiv': None, 'MAG': '2885623738', 'CorpusId': '172062322', 'PubMed': None, 'DOI': None, 'PubMedCentral': None}",https://www.semanticscholar.org/paper/acd73141ade4bbf2fb8144818daebfc10382db3e,Dispositif et système avec des champs de raclettes mobiles,"[{'authorId': '134162969', 'name': 'Jr. James A. Gavney'}]",,,2006.0,0,0,0,False,,,2006-08-18,,2022-02-08T16:30:43.626Z
56,163014865,"{'ACL': None, 'DBLP': None, 'ArXiv': None, 'MAG': '2179158492', 'CorpusId': '163014865', 'PubMed': None, 'DOI': None, 'PubMedCentral': None}",https://www.semanticscholar.org/paper/c8f9b24adcd986a0a5f97cde76960429d4b69d03,"Concentración industrial, 2004. Zona costera del Estado de Yucatán. Escala 1:500,000.","[{'authorId': '79780033', 'name': 'A. Gil'}, {'authorId': '117995716', 'name': 'M. M. Sánchez'}]",,,2005.0,0,0,0,False,,,,"{'name': '', 'pages': None, 'volume': ''}",2022-02-08T21:26:20.208Z
57,162546080,"{'ACL': None, 'DBLP': None, 'ArXiv': None, 'MAG': '2237024611', 'CorpusId': '162546080', 'PubMed': None, 'DOI': None, 'PubMedCentral': None}",https://www.semanticscholar.org/paper/c150b6de5388692498e5c65eb39cb7933dca956a,Interfictional Identities: Transformation and Dissimulation in the Early Modern Period,"[{'authorId': '1482460696', 'name': 'Yael Nezer Lavender-Smith'}]",,,2016.0,0,0,0,False,"[{'category': 'Art', 'source': 's2-fos-model'}, {'category': 'History', 'source': 'external'}]",,,"{'name': '', 'pages': None, 'volume': ''}",2022-02-08T21:40:04.378Z
58,162020787,"{'ACL': None, 'DBLP': None, 'ArXiv': None, 'MAG': '1763499828', 'CorpusId': '162020787', 'PubMed': None, 'DOI': '10.12971/AGROTEC.V2I2.225', 'PubMedCentral': None}",https://www.semanticscholar.org/paper/6431471702bbcaa4f2d1498deb1018de3aeec88b,CORRELAÇÃO LINEAR E ESPACIAL ENTRE PRODUTIVIDADE DE CAPIM-MOMBAÇA E ATRIBUTOS FÍSICOS SOLO EM FUNÇÃO DO SISTEMA DE MANEJO - DOI: 10.12971/2179-5959.v02n02a03,"[{'authorId': '144947854', 'name': 'E. L. Vitória'}, {'authorId': '145586143', 'name': 'H. C. Fernandes'}, {'authorId': '51118784', 'name': 'M. M. Teixeira'}]",,,2012.0,0,1,0,False,,,2012-03-31,"{'name': '', 'pages': '30-43', 'volume': '2'}",2022-02-08T21:57:09.244Z
59,161481435,"{'ACL': None, 'DBLP': None, 'ArXiv': None, 'MAG': '1766065880', 'CorpusId': '161481435', 'PubMed': None, 'DOI': None, 'PubMedCentral': None}",https://www.semanticscholar.org/paper/5efb94cf61c0ffb6ffedbc6ccaa934f06442811c,90 % DE LOS MEXICANOS PADECE CARIES,"[{'authorId': '122594761', 'name': 'H. Hernández'}]",,,1988.0,0,0,0,False,,,,,2022-02-08T22:12:26.031Z
60,161341806,"{'ACL': None, 'DBLP': None, 'ArXiv': None, 'MAG': '1648974529', 'CorpusId': '161341806', 'PubMed': None, 'DOI': '10.1002/piuz.19850160407', 'PubMedCentral': None}",https://www.semanticscholar.org/paper/b1173d8d69df5e432adc2731472fb4029fad1912,Die Sonne und ihre Planeten : Weltraumforschung in einer neuen Dimension,"[{'authorId': '2060176404', 'name': 'J. Beatty'}, {'authorId': '2055666983', 'name': ""Brian O'Leary""}, {'authorId': '143982668', 'name': 'A. Chaikin'}, {'authorId': '102190460', 'name': 'M. Röser'}]",,,1983.0,0,1,0,False,,,,"{'name': '', 'pages': None, 'volume': ''}",2022-02-08T22:17:13.720Z
61,159123829,"{'ACL': None, 'DBLP': None, 'ArXiv': None, 'MAG': '83250290', 'CorpusId': '159123829', 'PubMed': None, 'DOI': None, 'PubMedCentral': None}",https://www.semanticscholar.org/paper/f0a1ae33ecd76cbd1c89dd0351b8b72d6b0c6016,La Carta Comunitaria de los Derechos sociales fundamentales,"[{'authorId': '95729303', 'name': 'F. M. Fernández'}]",,,1992.0,0,0,0,False,,,,"{'name': '', 'pages': '16-35', 'volume': ''}",2022-02-08T23:23:06.719Z
62,159000755,"{'ACL': None, 'DBLP': None, 'ArXiv': None, 'MAG': '2954618023', 'CorpusId': '159000755', 'PubMed': None, 'DOI': None, 'PubMedCentral': None}",https://www.semanticscholar.org/paper/4ab7e7a54bca3bcc39746cf472ed2a6434e6a8bd,"Agenda for Licensing Sub-Committee B on Monday, 20th November, 2017, 9.30 am","[{'authorId': '47154766', 'name': 'K. Holmes'}]",,,2017.0,0,0,0,False,"[{'category': 'Political Science', 'source': 's2-fos-model'}, {'category': 'Political Science', 'source': 'external'}]",,2017-11-20,"{'name': '', 'pages': None, 'volume': ''}",2022-02-08T23:29:10.654Z
63,157405269,"{'ACL': None, 'DBLP': None, 'ArXiv': None, 'MAG': '2543243735', 'CorpusId': '157405269', 'PubMed': None, 'DOI': None, 'PubMedCentral': None}",https://www.semanticscholar.org/paper/e1fb83bb0ad0d3f61a45f4ccccea935ac984ac07,Imperiled Promise: The State of History in the NPS,"[{'authorId': '94636218', 'name': 'Jacob Dinkelaker'}]",,,2012.0,0,1,0,False,"[{'category': 'Political Science', 'source': 's2-fos-model'}, {'category': 'Political Science', 'source': 'external'}]",,,"{'name': '', 'pages': None, 'volume': ''}",2022-02-09T00:16:42.978Z
64,159952003,"{'ACL': None, 'DBLP': None, 'ArXiv': None, 'MAG': '2906212254', 'CorpusId': '159952003', 'PubMed': None, 'DOI': None, 'PubMedCentral': None}",https://www.semanticscholar.org/paper/940a504f91d236466c600d86e32625712a2a9365,El Derecho Constitucional a la insurrección: apuntes para una teorización al respecto,"[{'authorId': '115905679', 'name': 'E. Sánchez'}]",,,2009.0,0,0,0,False,,,,,2022-02-08T22:59:53.472Z
65,159825872,"{'ACL': None, 'DBLP': None, 'ArXiv': None, 'MAG': '7167415', 'CorpusId': '159825872', 'PubMed': None, 'DOI': None, 'PubMedCentral': None}",https://www.semanticscholar.org/paper/076817e8c5077131e9554b9349133be69fe2f856,Notice sur quelques plantes intéressantes du Valais,"[{'authorId': '119915006', 'name': 'Charles Fauconnet'}]",,,,0,0,0,False,,,,,2022-02-08T23:03:31.751Z
66,164715072,"{'ACL': None, 'DBLP': None, 'ArXiv': None, 'MAG': '2618192988', 'CorpusId': '164715072', 'PubMed': None, 'DOI': None, 'PubMedCentral': None}",https://www.semanticscholar.org/paper/0159c25e1b712bc65f5334a71b0772b9bde1e78a,Perfil antropométrico y aptitud física en voleibolistas juveniles de colima,"[{'authorId': '123367030', 'name': 'Moisés Brizuela Olivo'}]",,,2016.0,0,2,0,False,,,2016-11-14,"{'name': '', 'pages': '217-230', 'volume': '7'}",2022-02-08T20:18:34.082Z
67,164009462,"{'ACL': None, 'DBLP': None, 'ArXiv': None, 'MAG': '2509507308', 'CorpusId': '164009462', 'PubMed': None, 'DOI': None, 'PubMedCentral': None}",https://www.semanticscholar.org/paper/e586103f2ea0f5ff8885b00a9953684c39892b22,Association Réginaburgienne d'Amitiés Internationales,"[{'authorId': '1411732948', 'name': 'Reppelin'}]",,,2017.0,0,0,0,False,,,2017-09-28,"{'name': '', 'pages': None, 'volume': ''}",2022-02-08T20:38:46.828Z
68,158238164,"{'ACL': None, 'DBLP': None, 'ArXiv': None, 'MAG': '2769399518', 'CorpusId': '158238164', 'PubMed': None, 'DOI': None, 'PubMedCentral': None}",https://www.semanticscholar.org/paper/d1d1bef330beafedf28ffbfe9f6a62574a4ad77d,"Образование сотрудников ОВД. Педагогика и психология служебной деятельности: состояние и перспективы (обзор материалов международной конференции, посвященной 15-летию образования Московского университета МВД России им. В. Я. Кикотя)","[{'authorId': '115047603', 'name': 'Федотов Сергей Николаевич'}, {'authorId': '118376038', 'name': 'Ульянина Ольга Александровна'}]",,,2017.0,0,0,0,False,,,,"{'name': '', 'pages': None, 'volume': ''}",2022-02-08T23:51:29.872Z
69,154418656,"{'ACL': None, 'DBLP': None, 'ArXiv': None, 'MAG': '2041330073', 'CorpusId': '154418656', 'PubMed': None, 'DOI': '10.1108/EB044826', 'PubMedCentral': None}",https://www.semanticscholar.org/paper/bd786e7fe675f505294066b1352320a0139870a4,Management Requirements for Successful Change,"[{'authorId': '1486293956', 'name': 'Nuaia Swords‐lsherwood'}]",,,1980.0,3,0,0,False,"[{'category': 'Business', 'source': 's2-fos-model'}, {'category': 'Business', 'source': 'external'}]",,1980-03-01,"{'name': 'International Journal of Manpower', 'pages': '6-12', 'volume': '1'}",2022-02-09T01:50:48.092Z
70,151333421,"{'ACL': None, 'DBLP': None, 'ArXiv': None, 'MAG': '2547445348', 'CorpusId': '151333421', 'PubMed': None, 'DOI': None, 'PubMedCentral': None}",https://www.semanticscholar.org/paper/b750864ff10b84b0af11fc043cc0857892b1d612,The Recognition of Prefixed Words byAdvanced Learners of Italian L2: A First Survey on Frequency Effect,"[{'authorId': '46737650', 'name': 'S. Maso'}]",,,2009.0,22,1,0,False,"[{'category': 'Linguistics', 'source': 's2-fos-model'}, {'category': 'Psychology', 'source': 'external'}]",['Review'],,"{'name': '', 'pages': '156-165', 'volume': ''}",2022-02-09T03:25:59.518Z
71,149573931,"{'ACL': None, 'DBLP': None, 'ArXiv': None, 'MAG': '2885474266', 'CorpusId': '149573931', 'PubMed': None, 'DOI': None, 'PubMedCentral': None}",https://www.semanticscholar.org/paper/e60b2426fa8128db87950a396e86e03300b961c1,Looting and Piracy,"[{'authorId': '5937425', 'name': 'B. Giblin'}]",,,2009.0,0,0,0,False,"[{'category': 'Political Science', 'source': 's2-fos-model'}, {'category': 'Sociology', 'source': 'external'}]",,,,2022-02-09T04:17:52.136Z
72,149620054,"{'ACL': None, 'DBLP': None, 'ArXiv': None, 'MAG': '2942356303', 'CorpusId': '149620054', 'PubMed': None, 'DOI': None, 'PubMedCentral': None}",https://www.semanticscholar.org/paper/3021249e16660d6bb21f1bb4fd985adf7a62e929,Monitoring the health and performance of the burner system of the combustion dynamics of a gas turbine,"[{'authorId': '1450488530', 'name': 'K·K·辛赫'}, {'authorId': '66451426', 'name': '韩飞'}, {'authorId': '1489284240', 'name': 'D.N.巴特'}, {'authorId': '1411392531', 'name': 'S·斯里尼瓦桑'}, {'authorId': '113380181', 'name': '普利塞姆'}, {'authorId': '1489282728', 'name': 'K.K.文卡特桑'}, {'authorId': '1489282894', 'name': 'C.L.范德沃尔特'}]",,,2012.0,0,0,0,False,"[{'category': 'Environmental Science', 'source': 's2-fos-model'}, {'category': 'Environmental Science', 'source': 'external'}]",,2012-06-29,"{'name': '', 'pages': None, 'volume': ''}",2022-02-09T04:16:40.817Z
73,148854223,"{'ACL': None, 'DBLP': None, 'ArXiv': None, 'MAG': '2784962310', 'CorpusId': '148854223', 'PubMed': None, 'DOI': None, 'PubMedCentral': None}",https://www.semanticscholar.org/paper/cd90ef5df1ea40aab9b66787bc9d5a370122f350,Affärsmodeller för citylogistik a samordnad varudistribution : Handbok för kommuner och privata aktörer,"[{'authorId': '95086260', 'name': 'Mats Abrahamsson'}]",,,2017.0,0,0,0,False,,,,"{'name': '', 'pages': None, 'volume': ''}",2022-02-09T04:39:15.334Z
74,144895059,"{'ACL': None, 'DBLP': None, 'ArXiv': None, 'MAG': '2071978029', 'CorpusId': '144895059', 'PubMed': None, 'DOI': '10.1080/02614368600390081', 'PubMedCentral': None}",https://www.semanticscholar.org/paper/df9684f8d5d4857a2de8f5d41fc863309f74331e,Living on 'The Heath'.,"[{'authorId': '41219907', 'name': 'Derek Wynne'}]",,,1986.0,1,0,0,False,"[{'category': 'Sociology', 'source': 's2-fos-model'}, {'category': 'Sociology', 'source': 'external'}]",,,"{'name': 'Leisure Studies', 'pages': '109-116', 'volume': '5'}",2022-02-09T06:44:14.379Z
75,143622789,"{'ACL': None, 'DBLP': None, 'ArXiv': None, 'MAG': '1985642461', 'CorpusId': '143622789', 'PubMed': None, 'DOI': None, 'PubMedCentral': None}",https://www.semanticscholar.org/paper/50bc96b640b45252173389dba48a467270f0eba1,Aparicions i comunicació,"[{'authorId': '108342168', 'name': 'J. Roma'}]",,,2002.0,0,0,0,False,,,,,2022-02-09T07:23:51.771Z
76,138600251,"{'ACL': None, 'DBLP': None, 'ArXiv': None, 'MAG': '2256757967', 'CorpusId': '138600251', 'PubMed': None, 'DOI': None, 'PubMedCentral': None}",https://www.semanticscholar.org/paper/293a66a37880615543b7fe44ac53d15f8acb7b37,Wear Behavior of Plasma Sprayed Ceramics on Aluminum Alloy Against SiC Ball,"[{'authorId': '117617066', 'name': 'Y. Chae'}, {'authorId': '2109680771', 'name': 'Ss Kim'}]",,,1998.0,0,0,0,False,"[{'category': 'Materials Science', 'source': 's2-fos-model'}, {'category': 'Materials Science', 'source': 'external'}]",,,"{'name': '', 'pages': '167', 'volume': ''}",2022-02-09T10:00:45.083Z
77,139072961,"{'ACL': None, 'DBLP': None, 'ArXiv': None, 'MAG': '2524993005', 'CorpusId': '139072961', 'PubMed': None, 'DOI': None, 'PubMedCentral': None}",https://www.semanticscholar.org/paper/b22077a04e3525ff5e90bc6af0601a8bd46fe92e,저주파 영역에서 고분자 재료의 음속 측정에 관한 연구,"[{'authorId': '52081934', 'name': '김창현'}, {'authorId': '81355835', 'name': '조국영'}, {'authorId': '70390601', 'name': '박정기'}]",,,1998.0,0,0,0,False,"[{'category': 'Physics', 'source': 's2-fos-model'}, {'category': 'Materials Science', 'source': 'external'}]",,,"{'name': '', 'pages': '58-63', 'volume': '17'}",2022-02-09T09:45:26.429Z
78,135381632,"{'ACL': None, 'DBLP': None, 'ArXiv': None, 'MAG': '2770905632', 'CorpusId': '135381632', 'PubMed': None, 'DOI': '10.26439/ulima.tesis/4643', 'PubMedCentral': None}",https://www.semanticscholar.org/paper/4c819e0f07c2784bc6156c46ba2c6b63607e2238,“La eficacia de la obligación de sumisión a las autoridades nacionales competentes en el marco de la organización internacional del trabajo: un análisis del caso peruano en el periodo 2012-2016”,"[{'authorId': '1481238678', 'name': 'María-Teresa Novoa-Cárdenas'}]",,,2017.0,0,1,0,False,,,,"{'name': '', 'pages': None, 'volume': ''}",2022-02-09T11:40:12.607Z
79,134851432,"{'ACL': None, 'DBLP': None, 'ArXiv': None, 'MAG': '2749572963', 'CorpusId': '134851432', 'PubMed': None, 'DOI': None, 'PubMedCentral': None}",https://www.semanticscholar.org/paper/707ac3fa660a8d18f499b01c62db9d5979037158,A utilização da webquest na aula de história e geografia de Portugal,"[{'authorId': '88243110', 'name': 'Álvaro Martins'}]",,,2014.0,0,0,0,False,,,,"{'name': '', 'pages': '1267-1275', 'volume': ''}",2022-02-09T11:57:11.615Z
80,134436738,"{'ACL': None, 'DBLP': None, 'ArXiv': None, 'MAG': '2876509', 'CorpusId': '134436738', 'PubMed': None, 'DOI': '10.1016/B978-0-08-012204-5.50032-9', 'PubMedCentral': None}",https://www.semanticscholar.org/paper/10002517d03d50efc08e6f7396bb5189b5456b8b,IMPROVED GRAPHITE FOR NUCLEAR REACTORS,"[{'authorId': '91397855', 'name': 'J. M. Hutcheon'}]",,,1966.0,3,0,0,False,"[{'category': 'Geology', 'source': 's2-fos-model'}, {'category': 'Materials Science', 'source': 'external'}]",,,"{'name': '', 'pages': '221-226', 'volume': ''}",2022-02-09T12:09:10.493Z
81,132346887,"{'ACL': None, 'DBLP': None, 'ArXiv': None, 'MAG': '2594110335', 'CorpusId': '132346887', 'PubMed': None, 'DOI': None, 'PubMedCentral': None}",https://www.semanticscholar.org/paper/e0cb1b159af5d92bed5ee054d4d2263c1d7b975f,La presentación de la información en los contratos electrónicos y de consumo. Especial referencia a las redes sociales,"[{'authorId': '108569961', 'name': 'M. Casado'}]",,,2016.0,0,0,0,False,,,2016-06-01,"{'name': '', 'pages': None, 'volume': ''}",2022-02-09T13:36:07.689Z
82,131933746,"{'ACL': None, 'DBLP': None, 'ArXiv': None, 'MAG': '2927156019', 'CorpusId': '131933746', 'PubMed': None, 'DOI': None, 'PubMedCentral': None}",https://www.semanticscholar.org/paper/430d82f905164a914ab629f2e4ed1b0ea07d9801,Bouillon de fermentation complet,"[{'authorId': '87821424', 'name': 'Johannes Petrus Smits'}, {'authorId': '2078410192', 'name': 'A. Canelas'}, {'authorId': '108577612', 'name': 'W. Hommes'}]",,,2016.0,4,0,0,False,,,2016-04-18,"{'name': '', 'pages': None, 'volume': ''}",2022-02-09T13:42:38.615Z
83,131716811,"{'ACL': None, 'DBLP': None, 'ArXiv': None, 'MAG': '2254892884', 'CorpusId': '131716811', 'PubMed': None, 'DOI': None, 'PubMedCentral': None}",https://www.semanticscholar.org/paper/e498dd54a724bb340bbdc39379d315171c3ac28e,Estimación de mercado local y proyección de ventas,"[{'authorId': '1409217227', 'name': 'Daniel Diez-Canseco-Terry'}]",,,2008.0,0,0,0,False,,,,"{'name': '', 'pages': None, 'volume': ''}",2022-02-09T13:46:50.569Z
84,127328200,"{'ACL': None, 'DBLP': None, 'ArXiv': None, 'MAG': '60386580', 'CorpusId': '127328200', 'PubMed': None, 'DOI': None, 'PubMedCentral': None}",https://www.semanticscholar.org/paper/afa6b13ce43cd2dc9496ff3b567f8a731d48762f,Analisis Kepuasan Pembayar Pajak Terhadap Pelayanan Pembayaran Pajak Pada PT. Bank DKI Cabang Tanjung Priok,"[{'authorId': '104304352', 'name': 'Panji Kresnawanda'}]",,,2012.0,0,0,0,False,,,,"{'name': '', 'pages': None, 'volume': ''}",2022-02-09T15:58:17.942Z
85,127047328,"{'ACL': None, 'DBLP': None, 'ArXiv': None, 'MAG': '930375511', 'CorpusId': '127047328', 'PubMed': None, 'DOI': None, 'PubMedCentral': None}",https://www.semanticscholar.org/paper/b045174c5c40098f3f0e91db972357dfbfc133f9,多维液相色谱 bottom-up top-down 阵列式 完整蛋白质 蛋白质分离,"[{'authorId': '72205334', 'name': '高明霞'}, {'authorId': '103590471', 'name': '关霞'}, {'authorId': '2099447050', 'name': '洪广峰'}, {'authorId': '2102761571', 'name': '张祥民'}]",,,2009.0,0,0,0,False,"[{'category': 'Biology', 'source': 's2-fos-model'}, {'category': 'Materials Science', 'source': 'external'}]",,,"{'name': '', 'pages': '551-555', 'volume': '27'}",2022-02-09T16:03:04.640Z
86,126761350,"{'ACL': None, 'DBLP': None, 'ArXiv': None, 'MAG': '2923781191', 'CorpusId': '126761350', 'PubMed': None, 'DOI': None, 'PubMedCentral': None}",https://www.semanticscholar.org/paper/6390cd1b6b2d21c878ccc3621a0e41e2027259c1,METODE HAFALAN JUZ AMMA DI MI AL-FATAH KABUPATEN BANJARNEGARA,"[{'authorId': '103871616', 'name': 'Rizqi Khusniati'}]",,,2019.0,0,0,0,False,,,,,2022-02-09T16:07:17.340Z
87,125074255,"{'ACL': None, 'DBLP': None, 'ArXiv': None, 'MAG': '2381451375', 'CorpusId': '125074255', 'PubMed': None, 'DOI': None, 'PubMedCentral': None}",https://www.semanticscholar.org/paper/468bb52efc5fad43bcb87ca03884c7810574d5b8,3D Modeling of the Blood Vessel,"[{'authorId': '2106515845', 'name': 'Linlin Ji'}]",,,2011.0,0,0,0,False,"[{'category': 'Engineering', 'source': 's2-fos-model'}, {'category': 'Mathematics', 'source': 'external'}]",,,"{'name': 'Journal of Langfang Teachers College', 'pages': None, 'volume': ''}",2022-02-09T18:20:43.193Z
88,124574830,"{'ACL': None, 'DBLP': None, 'ArXiv': None, 'MAG': '2383980212', 'CorpusId': '124574830', 'PubMed': None, 'DOI': None, 'PubMedCentral': None}",https://www.semanticscholar.org/paper/6f273f37d4fe26b1370a9f7ba7f4b8c48914e314,On the Inequality of Polynomials and Interpolation in a Jordan Domain,"[{'authorId': '101635732', 'name': 'Shen Xiechang'}]",,,1990.0,0,0,0,False,"[{'category': 'Mathematics', 'source': 's2-fos-model'}, {'category': 'Mathematics', 'source': 'external'}]",,,,2022-02-09T18:27:25.490Z
89,120176979,"{'ACL': None, 'DBLP': None, 'ArXiv': None, 'MAG': '1783707460', 'CorpusId': '120176979', 'PubMed': None, 'DOI': None, 'PubMedCentral': None}",https://www.semanticscholar.org/paper/9039c84adf9f22d625d0327f6308086b3f9cd147,Обнаружение сигнала в каналах с низкой энергетикой,"[{'authorId': '82754496', 'name': 'Ринат Рашидович Халилов'}]",,,2014.0,0,0,0,False,"[{'category': 'Engineering', 'source': 's2-fos-model'}, {'category': 'Computer Science', 'source': 'external'}]",,2014-06-19,"{'name': '', 'pages': '220-223', 'volume': ''}",2022-02-09T22:29:39.053Z
90,120042615,"{'ACL': None, 'DBLP': None, 'ArXiv': None, 'MAG': '1942978683', 'CorpusId': '120042615', 'PubMed': None, 'DOI': None, 'PubMedCentral': None}",https://www.semanticscholar.org/paper/265a8af8598cd7818d7588d2f351bd69fefea08b,Karakteristik dan Hasil Analisis Data Ordinal yangDitransformasi dengan Method of Successive Interval (MSI),"[{'authorId': '40857585', 'name': 'H. Notobroto'}, {'authorId': '87733866', 'name': 'A. Wibowo'}]",,,2006.0,0,0,0,False,"[{'category': 'Computer Science', 'source': 's2-fos-model'}, {'category': 'Mathematics', 'source': 'external'}]",,2006-03-01,"{'name': '', 'pages': None, 'volume': '2'}",2022-02-09T22:31:56.500Z
91,110359884,"{'ACL': None, 'DBLP': None, 'ArXiv': None, 'MAG': '2129734669', 'CorpusId': '110359884', 'PubMed': None, 'DOI': '10.1177/014362448600700202', 'PubMedCentral': None}",https://www.semanticscholar.org/paper/83e672c44283a4d8db01adbfb1cd82516d42ad80,A simple model of a heating system with a compensator control,"[{'authorId': '88690717', 'name': 'G. Levermore'}]",,,1986.0,3,3,0,False,"[{'category': 'Engineering', 'source': 's2-fos-model'}, {'category': 'Engineering', 'source': 'external'}]",['JournalArticle'],1986-05-01,"{'name': 'Building Services Engineering Research & Technology', 'pages': '65 - 72', 'volume': '7'}",2022-02-10T05:08:50.753Z
92,116770310,"{'ACL': None, 'DBLP': None, 'ArXiv': None, 'MAG': '129060321', 'CorpusId': '116770310', 'PubMed': None, 'DOI': None, 'PubMedCentral': None}",https://www.semanticscholar.org/paper/79670c64f8a67ac891c375932315a72713a80ed7,The relaxed stochastic maximum principle in singular optimal control of diffusions with controlled diffusion coefficient,"[{'authorId': '143653614', 'name': 'Daniel Andersson'}]",,,2008.0,0,0,0,False,"[{'category': 'Mathematics', 'source': 's2-fos-model'}, {'category': 'Materials Science', 'source': 's2-fos-model'}, {'category': 'Mathematics', 'source': 'external'}]",,,,2022-02-09T23:51:08.240Z
93,115004140,"{'ACL': None, 'DBLP': None, 'ArXiv': None, 'MAG': '2509770121', 'CorpusId': '115004140', 'PubMed': None, 'DOI': None, 'PubMedCentral': None}",https://www.semanticscholar.org/paper/71a0c1d4ed32972c5ebf14b9c594fde410246b3e,Nipple discharge and MR mammography: how much maximized sensitivity affect specificity?,"[{'authorId': '3243676', 'name': 'M. Lorenzon'}]",,,2011.0,0,0,0,False,"[{'category': 'Physics', 'source': 's2-fos-model'}, {'category': 'Medicine', 'source': 'external'}]",,,,2022-02-10T01:05:19.456Z
94,111810286,"{'ACL': None, 'DBLP': None, 'ArXiv': None, 'MAG': '2275585847', 'CorpusId': '111810286', 'PubMed': None, 'DOI': None, 'PubMedCentral': None}",https://www.semanticscholar.org/paper/b44ff9417493c54cc51e4b67ebe15af7d696000e,DESIGN AND PRODUCE A HANDBOOK ON THE FUNDAMENTALS OFLETTERING AND TYPOGRAPHY FOR SENIOR HIGH SCHOOLS GRAPHIC ARTSTUDENTS,"[{'authorId': '98834014', 'name': 'Kwaku Ebenezer Boatey'}]",,,2010.0,0,0,0,False,"[{'category': 'Education', 'source': 's2-fos-model'}, {'category': 'Engineering', 'source': 'external'}]",,2010-05-01,"{'name': '', 'pages': None, 'volume': ''}",2022-02-10T03:52:58.701Z
95,111292569,"{'ACL': None, 'DBLP': None, 'ArXiv': None, 'MAG': '2054051722', 'CorpusId': '111292569', 'PubMed': None, 'DOI': '10.1109/FIIW.2011.6476835', 'PubMedCentral': None}",https://www.semanticscholar.org/paper/751080769d9c0c963fefaca88559c3ade48d02fb,Proactive energy management for high-performance buildings: Exploiting and motivating sensor technologies,"[{'authorId': '2617773', 'name': 'V. Zavala'}]",,,2011.0,16,0,0,False,"[{'category': 'Engineering', 'source': 's2-fos-model'}, {'category': 'Engineering', 'source': 'external'}]",,2011-11-01,"{'name': '', 'pages': '12-15', 'volume': ''}",2022-02-10T04:18:56.173Z
96,108067054,"{'ACL': None, 'DBLP': None, 'ArXiv': None, 'MAG': '261103130', 'CorpusId': '108067054', 'PubMed': None, 'DOI': None, 'PubMedCentral': None}",https://www.semanticscholar.org/paper/73cc379a744460702200f0a726591c61e22beecd,Typewriter Leadership in a Facebook World,"[{'authorId': '98034187', 'name': 'Drew R. Meyerowich'}]",,,2012.0,10,1,0,False,"[{'category': 'Political Science', 'source': 's2-fos-model'}, {'category': 'Engineering', 'source': 'external'}]",,2012-11-21,"{'name': '', 'pages': None, 'volume': ''}",2022-02-10T07:31:21.608Z
97,107611005,"{'ACL': None, 'DBLP': None, 'ArXiv': None, 'MAG': '105953557', 'CorpusId': '107611005', 'PubMed': None, 'DOI': None, 'PubMedCentral': None}",https://www.semanticscholar.org/paper/6e2afe831d6a7125aacf28c290f325dbeda0078f,Programación en Entornos Interactivos. Tema 6. Novedades ANSI/ISO-C++'98 (febrero 2012),"[{'authorId': '66591131', 'name': 'Corbí Bellot'}, {'authorId': '2059030346', 'name': 'Antonio Miguel'}]",,,2012.0,0,0,0,False,,,2012-03-05,"{'name': '', 'pages': None, 'volume': ''}",2022-02-10T07:37:36.610Z
98,107479270,"{'ACL': None, 'DBLP': None, 'ArXiv': None, 'MAG': '279909785', 'CorpusId': '107479270', 'PubMed': None, 'DOI': '10.21236/ADA478288', 'PubMedCentral': None}",https://www.semanticscholar.org/paper/b3678b464ee10306d4092ccebfdcaaaefb44c5b0,Finite Element Analysis of M15 and M19 Mines Under Wheeled Vehicle Load,"[{'authorId': '2071137695', 'name': 'Brian Pavlovic'}, {'authorId': '46222565', 'name': 'W. Ng'}]",,,2008.0,0,0,0,True,"[{'category': 'Engineering', 'source': 's2-fos-model'}, {'category': 'Engineering', 'source': 'external'}]",,2008-03-01,"{'name': '', 'pages': None, 'volume': ''}",2022-02-10T07:47:44.374Z
99,103457404,"{'ACL': None, 'DBLP': None, 'ArXiv': None, 'MAG': '2795899277', 'CorpusId': '103457404', 'PubMed': None, 'DOI': None, 'PubMedCentral': None}",https://www.semanticscholar.org/paper/17cb5eceaca357f8382ea4ea4d0f839c23e4547b,Polyurethane compound rubber,"[{'authorId': '1446276418', 'name': '圭多·科尔巴赫'}, {'authorId': '1446270981', 'name': '勒内·绍尔'}]",,,2007.0,0,0,0,False,"[{'category': 'Chemistry', 'source': 's2-fos-model'}, {'category': 'Chemistry', 'source': 'external'}]",,2007-09-26,,2022-02-10T09:21:38.654Z
