corpusid,externalids,url,title,authors,venue,publicationvenueid,year,referencecount,citationcount,influentialcitationcount,isopenaccess,s2fieldsofstudy,publicationtypes,publicationdate,journal,updated,DOI,ArXiv,MAG,PubMed,ACL,PubMedCentral,DBLP
172179682,"{'ACL': None, 'DBLP': None, 'ArXiv': None, 'MAG': '53947645', 'CorpusId': '172179682', 'PubMed': None, 'DOI': None, 'PubMedCentral': None}",https://www.semanticscholar.org/paper/9acc90693adc380ce5390b48ff45c6e58fc8681f,"1456 コンクリートの乾燥収縮特性に及ぼす粗骨材物性の影響 : その1. 粗骨材の乾燥収縮特性(収縮・クリープ(3),材料施工)","[{'authorId': '135301986', 'name': '井坂 幸俊'}, {'authorId': '135382771', 'name': '兵頭 彦次'}, {'authorId': '117505076', 'name': '谷村 充'}]",,,2010.0,0,0,0,False,,,2010-07-20,"{'name': '', 'pages': '911-912', 'volume': '2010'}",2022-01-23T03:18:09.451Z,,,53947645,,,,
185872534,"{'ACL': None, 'DBLP': None, 'ArXiv': None, 'MAG': '2567351640', 'CorpusId': '185872534', 'PubMed': None, 'DOI': None, 'PubMedCentral': None}",https://www.semanticscholar.org/paper/e0c9b0332c80c14f63779ee79798087949e4cd9c,طراحی الگوی مدیریت منابع انسانی فرماندهان دفاع مقدس (مطالعه موردی: سیره شهید محمدابراهیم همت),"[{'authorId': '148778681', 'name': 'مسلم باقري'}, {'authorId': '148725603', 'name': 'سحر مرادی رودبالی'}]",,,2016.0,0,0,0,False,,,2016-12-26,"{'name': '', 'pages': '81-111', 'volume': '19'}",2022-01-24T19:18:33.112Z,,,2567351640,,,,
187609691,"{'ACL': None, 'DBLP': None, 'ArXiv': None, 'MAG': '2811436717', 'CorpusId': '187609691', 'PubMed': None, 'DOI': None, 'PubMedCentral': None}",https://www.semanticscholar.org/paper/1c53b1695657edeeb0914efe60eceb734384f48e,การพัฒนาโมเดลการยอมรับทางการเงิน บริบท การซื้อขายหุ้นผ่านแอพพลิเคชัน Streaming บนมือถือ,"[{'authorId': '148823174', 'name': 'จิตราพร บุญยงค์'}, {'authorId': '87052352', 'name': 'อรพรรณ คงมาลัย'}]",,,2018.0,0,0,0,False,,,2018-03-19,"{'name': '', 'pages': '191', 'volume': '2018'}",2022-01-24T22:39:18.629Z,,,2811436717,,,,
233661923,"{'ACL': None, 'DBLP': None, 'ArXiv': None, 'MAG': '3149055281', 'CorpusId': '233661923', 'PubMed': None, 'DOI': '10.31095/INVESTIGATIO.2020.16.1', 'PubMedCentral': None}",https://www.semanticscholar.org/paper/6f7e407b38ceac2456a777491dbc50ab1dc65cb3,Revisión Acerca de Comamonas Kerstersii como Agente Infeccioso.,"[{'authorId': '151007675', 'name': 'Galo Guillermo Farfán Cano'}, {'authorId': '1742373866', 'name': 'Stanley Guillermo Farfán Cano'}, {'authorId': '2088243264', 'name': 'Harold Reynaldo Farfan Cano'}, {'authorId': '1742350385', 'name': 'Glen Andrés Silva Rojas'}, {'authorId': '2088241275', 'name': 'Kevin Joshua Silva Rojas'}]",,,2021.0,0,0,0,False,,,2021-03-25,"{'name': '', 'pages': '1-7', 'volume': ''}",2022-01-24T22:57:42.952Z,10.31095/INVESTIGATIO.2020.16.1,,3149055281,,,,
220171483,"{'ACL': None, 'DBLP': None, 'ArXiv': None, 'MAG': None, 'CorpusId': '220171483', 'PubMed': None, 'DOI': '10.1136/ebmh.12.1.e1', 'PubMedCentral': None}",https://www.semanticscholar.org/paper/4ea42fe22d1406a49547550c8051989b9d4abc07,Purpose and procedure,[],,,2009.0,0,0,0,False,,,2009-01-28,"{'name': 'Evidence Based Mental Health', 'pages': 'e1 - e1', 'volume': '12'}",2022-01-24T23:17:34.300Z,10.1136/ebmh.12.1.e1,,,,,,
224597913,"{'ACL': None, 'DBLP': None, 'ArXiv': None, 'MAG': '595450617', 'CorpusId': '224597913', 'PubMed': None, 'DOI': None, 'PubMedCentral': None}",https://www.semanticscholar.org/paper/f9ad0a56200c4f290f89593b13be184f365776a4,研究開発にかかわる法的諸問題と対策(57)技術開発要員の解雇,"[{'authorId': '115955131', 'name': '小林 健男'}]",,,2001.0,0,0,0,False,,,2001-02-01,"{'name': '', 'pages': '102-109', 'volume': '11'}",2022-01-24T22:18:26.467Z,,,595450617,,,,
214235867,"{'ACL': None, 'DBLP': None, 'ArXiv': None, 'MAG': '2995950695', 'CorpusId': '214235867', 'PubMed': None, 'DOI': None, 'PubMedCentral': None}",https://www.semanticscholar.org/paper/a55cac12cfff4e1193bf3ffc54a2e3f82bd25bcb,BATI TRAKYA TÜRK AZINLIĞININ İKİ DİLLİ EĞİTİM MODELİNE YÖNELİK BİR DEĞERLENDİRME,"[{'authorId': '1577304366', 'name': 'Noyan Hacıpaşaoğlu'}]",,,2019.0,0,0,0,False,,,2019-06-30,"{'name': '', 'pages': '81-96', 'volume': '01'}",2022-01-24T23:06:01.048Z,,,2995950695,,,,
230626278,"{'ACL': None, 'DBLP': None, 'ArXiv': None, 'MAG': '3112458501', 'CorpusId': '230626278', 'PubMed': None, 'DOI': '10.5604/01.3001.0014.5465', 'PubMedCentral': None}",https://www.semanticscholar.org/paper/61d47a4df20d7d07e4e17470b1ad867c982b9a0d,Not a saviour of the world: dismissal of messianism in Graham Swift’s Waterland,"[{'authorId': '69396073', 'name': 'Sławomir Konkol'}]",,,2020.0,0,0,0,False,"[{'category': 'Art', 'source': 's2-fos-model'}, {'category': 'Philosophy', 'source': 'external'}]",,2020-11-26,"{'name': '', 'pages': '71-88', 'volume': '35'}",2022-01-27T02:21:56.648Z,10.5604/01.3001.0014.5465,,3112458501,,,,
211992081,"{'ACL': None, 'DBLP': None, 'ArXiv': None, 'MAG': '183957638', 'CorpusId': '211992081', 'PubMed': None, 'DOI': None, 'PubMedCentral': None}",https://www.semanticscholar.org/paper/0f9ee691f6205fff05fa41c041540384da663c05,これからの時代に音楽を「売る」こと,"[{'authorId': '149242067', 'name': '田川 史朗'}]",,,2014.0,0,0,0,False,,,2014-02-28,"{'name': '', 'pages': '95-111', 'volume': '280'}",2022-01-27T01:46:05.036Z,,,183957638,,,,
222186672,"{'ACL': None, 'DBLP': None, 'ArXiv': None, 'MAG': None, 'CorpusId': '222186672', 'PubMed': None, 'DOI': None, 'PubMedCentral': None}",https://www.semanticscholar.org/paper/50fa40cecbe4e1dcb67951f251c0610ffe5c1ae4,IN VIVO OPTICAL BIOPSY BASED ON LEAST-INVASIVE HARMONIC GENERATION MICROSCOPY,"[{'authorId': '46299688', 'name': 'Chi‐Kuang Sun'}]",,,2008.0,3,0,0,False,,['Review'],,,2022-01-27T02:17:42.702Z,,,,,,,
229751191,"{'ACL': None, 'DBLP': None, 'ArXiv': None, 'MAG': '2339329487', 'CorpusId': '229751191', 'PubMed': None, 'DOI': None, 'PubMedCentral': None}",https://www.semanticscholar.org/paper/3290090243b20f3a3ab5ccc17c9af9b5741ea851,Se regrouper pour être plus forts,"[{'authorId': '2032233468', 'name': 'Contributeur'}]",,,2008.0,0,0,0,False,,,2008-05-20,"{'name': '', 'pages': None, 'volume': ''}",2022-01-27T02:31:12.063Z,,,2339329487,,,,
181693884,"{'ACL': None, 'DBLP': None, 'ArXiv': None, 'MAG': '613412038', 'CorpusId': '181693884', 'PubMed': None, 'DOI': None, 'PubMedCentral': None}",https://www.semanticscholar.org/paper/1716db192aa0e94bf420342521650719b8d62dc4,トップエンジニア : 作業効率を高めるチームのつくり方(Chapter 03)安心して働ける職場づくり : チームが機能する2つの約束,"[{'authorId': '136339137', 'name': '福富 信也'}]",,,2015.0,0,0,0,False,,,2015-06-01,"{'name': '', 'pages': '30-35', 'volume': '69'}",2022-01-24T18:12:29.216Z,,,613412038,,,,
177163529,"{'ACL': None, 'DBLP': None, 'ArXiv': None, 'MAG': '644693618', 'CorpusId': '177163529', 'PubMed': None, 'DOI': None, 'PubMedCentral': None}",https://www.semanticscholar.org/paper/b4953c9e4cbc50973828569db65c16fba34821dc,"シンポジウム2 救急・重傷集中ケアにおける家族看護--家族ケアにエビデンスを求めて〔含 Discussion,司会のまとめ〕 (救急NOW 第4回日本救急看護学会学術集会集録(主要講演))","[{'authorId': '136434126', 'name': '花井 恵子'}, {'authorId': '135722921', 'name': '山口 智鶴子'}]",,,2003.0,0,0,0,False,,,2003-04-01,"{'name': '', 'pages': '315-330', 'volume': '16'}",2022-01-24T18:31:00.651Z,,,644693618,,,,
213814050,"{'ACL': None, 'DBLP': None, 'ArXiv': None, 'MAG': '2995704919', 'CorpusId': '213814050', 'PubMed': None, 'DOI': None, 'PubMedCentral': None}",https://www.semanticscholar.org/paper/a01521904fe21e4017a8cb115528f653f627d6f8,Thuis in huis en buurt? : Over thuisgevoel en participatie van mensen met psychische problemen,"[{'authorId': '144531569', 'name': 'E. V. Wijk'}, {'authorId': '114605424', 'name': 'K. D. Nijs'}, {'authorId': '108185660', 'name': 'M. D. Kreek'}]",,,2019.0,0,0,0,False,,,2019-10-01,"{'name': '', 'pages': None, 'volume': ''}",2022-01-24T18:06:03.109Z,,,2995704919,,,,
157594369,"{'ACL': None, 'DBLP': None, 'ArXiv': None, 'MAG': '2611322951', 'CorpusId': '157594369', 'PubMed': None, 'DOI': None, 'PubMedCentral': None}",https://www.semanticscholar.org/paper/6dbf2087ca3fe99dc1fb9466894252543a3f6571,Subimperalismo brasileiro na era do padrão de desenvolvimento liberal- periférico (1990 a 2013),"[{'authorId': '121668563', 'name': 'Elizabeth Moura Germano Oliveira'}]",,,2014.0,0,0,0,False,,,2014-05-15,"{'name': '', 'pages': None, 'volume': ''}",2022-01-24T18:36:34.813Z,,,2611322951,,,,
172832805,"{'ACL': None, 'DBLP': None, 'ArXiv': None, 'MAG': '106139556', 'CorpusId': '172832805', 'PubMed': None, 'DOI': None, 'PubMedCentral': None}",https://www.semanticscholar.org/paper/fe7633469800f79b1effbf79ddbfe97673590de8,A-15. 十二指腸嚢胞状重複症の 1 例(第 12 回日本小児外科学会関東甲信越地方会),"[{'authorId': '65898033', 'name': '山下 裕一'}, {'authorId': '102842698', 'name': '松村 高典'}, {'authorId': '74184149', 'name': '宮田 道夫'}, {'authorId': '79395511', 'name': '森岡 恭彦'}, {'authorId': '66773517', 'name': '許斐 博史'}, {'authorId': '136301300', 'name': '真理子 小田原'}, {'authorId': '136310506', 'name': '石橋 久夫'}, {'authorId': '74105221', 'name': '斎藤 建'}]",,,1978.0,0,0,0,False,,,1978-04-01,"{'name': '', 'pages': '503-504', 'volume': '14'}",2022-01-24T18:57:00.635Z,,,106139556,,,,
173678903,"{'ACL': None, 'DBLP': None, 'ArXiv': None, 'MAG': '261190753', 'CorpusId': '173678903', 'PubMed': None, 'DOI': None, 'PubMedCentral': None}",https://www.semanticscholar.org/paper/4f6dbf6258755a17fa3c98abccb0ecc8f48d9eae,20081 複雑地形まわりの強風予測に関する系統的研究 : その1 曲面で構成される二次元地形の風洞実験,"[{'authorId': '148988692', 'name': '向 秀元'}, {'authorId': '73872015', 'name': '中村 修之'}, {'authorId': '68995562', 'name': '宮下 康一'}, {'authorId': '52281774', 'name': '野田 博'}, {'authorId': '66779059', 'name': '田村 哲郎'}]",,,1997.0,0,0,0,False,,,1997-07-30,"{'name': '', 'pages': '161-162', 'volume': '1997'}",2022-01-24T20:58:31.556Z,,,261190753,,,,
189615356,"{'ACL': None, 'DBLP': None, 'ArXiv': None, 'MAG': '2799645271', 'CorpusId': '189615356', 'PubMed': None, 'DOI': None, 'PubMedCentral': None}",https://www.semanticscholar.org/paper/09b89021953acb3176ec3e9887c1bdeaedd4b315,ANÁLISE E PROPOSTA DE MELHORIA DO LAYOUT DE UMA INDÚSTRIA DE BEBIDAS,"[{'authorId': '146668568', 'name': 'Edgard Xavier Tortola'}, {'authorId': '93216446', 'name': 'Crislaine Rodrigues Galan'}, {'authorId': '133575517', 'name': 'Ana Carolina Britto Castilho'}]",,,2018.0,0,0,0,False,,,2018-01-25,"{'name': '', 'pages': None, 'volume': '31'}",2022-01-24T21:08:52.225Z,,,2799645271,,,,
187221758,"{'ACL': None, 'DBLP': None, 'ArXiv': None, 'MAG': '2781053352', 'CorpusId': '187221758', 'PubMed': None, 'DOI': None, 'PubMedCentral': None}",https://www.semanticscholar.org/paper/4636c90277a8642fe2614daa2345dc8bf6034265,Preparations hydro-alcooliques d'agents antibacteriens a base d'oxazolidinone,"[{'authorId': '2052771084', 'name': 'L. E. Pena'}, {'authorId': '2096205280', 'name': 'Pamela Jean Secreast'}]",,,2005.0,0,0,0,False,,,2005-11-23,"{'name': '', 'pages': None, 'volume': ''}",2022-01-24T21:24:19.673Z,,,2781053352,,,,
182160933,"{'ACL': None, 'DBLP': None, 'ArXiv': None, 'MAG': '590193033', 'CorpusId': '182160933', 'PubMed': None, 'DOI': None, 'PubMedCentral': None}",https://www.semanticscholar.org/paper/9debe3cd7ea6ccc3e371ddb5c5e0543094fb7e0f,"VIII-3. 後肢懸垂法を用いた骨格筋の萎縮と発達阻害 : αB-クリスタリンタンパク質の発現動態からの解析(1部,シンポジウム,シンポジウムVIII:運動器系の発達,第4回体力医学会シンポジウム)","[{'authorId': '69557721', 'name': '跡見 順子'}]",,,1991.0,0,0,0,False,,,1991-08-01,"{'name': '', 'pages': '421-422', 'volume': '40'}",2022-01-24T21:03:25.563Z,,,590193033,,,,
246009114,"{'ACL': None, 'DBLP': None, 'ArXiv': None, 'MAG': None, 'CorpusId': '246009114', 'PubMed': None, 'DOI': None, 'PubMedCentral': None}",https://www.semanticscholar.org/paper/e50af5840b30442dd4c989975851077bb532d976,REAL TIME OBJECT DETECTION AND 3D MODELING FOR COMPUTER VISION,"[{'authorId': '2141642039', 'name': 'N. Rani'}, {'authorId': '70270866', 'name': 'Anil Dudy'}]",,,2016.0,7,0,0,False,,['Review'],,,2022-01-19T15:23:48.149Z,,,,,,,
211360706,"{'ACL': None, 'DBLP': None, 'ArXiv': None, 'MAG': '2803514006', 'CorpusId': '211360706', 'PubMed': None, 'DOI': None, 'PubMedCentral': None}",https://www.semanticscholar.org/paper/6f956f1d2a710bdb80015f8b99f8861affb9587b,UKIP MEP Jane Collins to address Harrogate public meeting,"[{'authorId': '32713383', 'name': 'T. Cook'}]",,,2015.0,0,0,0,False,"[{'category': 'Economics', 'source': 's2-fos-model'}, {'category': 'Political Science', 'source': 'external'}]",,2015-09-11,"{'name': '', 'pages': None, 'volume': ''}",2022-01-27T02:44:56.418Z,,,2803514006,,,,
110184512,"{'ACL': None, 'DBLP': None, 'ArXiv': None, 'MAG': '2163813962', 'CorpusId': '110184512', 'PubMed': None, 'DOI': None, 'PubMedCentral': None}",https://www.semanticscholar.org/paper/3869f4ecc17d536bb40bb919c7d8dba763377bf3,"Wiadomości Fabryczne : organ Komitetu Fabrycznego PZPR, ZF ZMP, Rady Zakładowej i Dyrekcji WSK Rzeszów. 1952, R. 1, nr 7 (6 października)","[{'authorId': '72362717', 'name': 'T. Szymański'}]",,,1952.0,0,0,0,False,,,,"{'name': '', 'pages': None, 'volume': ''}",2022-01-27T11:15:34.029Z,,,2163813962,,,,
115925191,"{'ACL': None, 'DBLP': None, 'ArXiv': None, 'MAG': '2753531578', 'CorpusId': '115925191', 'PubMed': None, 'DOI': None, 'PubMedCentral': None}",https://www.semanticscholar.org/paper/19221646b4759c2d4f5e4c35bde0289e4616b362,Device for determining position of object,"[{'authorId': '1392445190', 'name': 'Борис Георгиевич Подласкин'}, {'authorId': '1392445182', 'name': 'Елена Григорьевна Гук'}, {'authorId': '1392445151', 'name': 'Антон Геннадьевич Оболенсков'}, {'authorId': '2091364882', 'name': 'Александр Александрович Сухарев'}]",,,2015.0,0,0,0,False,"[{'category': 'Engineering', 'source': 's2-fos-model'}, {'category': 'Engineering', 'source': 'external'}]",,2015-05-26,"{'name': '', 'pages': None, 'volume': ''}",2022-01-27T12:38:02.448Z,,,2753531578,,,,
126089984,"{'ACL': None, 'DBLP': None, 'ArXiv': None, 'MAG': '2901708712', 'CorpusId': '126089984', 'PubMed': None, 'DOI': '10.18514/MMN.2008.189', 'PubMedCentral': None}",https://www.semanticscholar.org/paper/b81d93a318867e6468d33469e57aa75508149ae8,On solvability of second-order evolution inclusions with Volterra type operators,"[{'authorId': '100875370', 'name': 'M. Perestyuk'}, {'authorId': '2417383', 'name': 'P. Kasyanov'}, {'authorId': '103279497', 'name': 'N. V. Zadoyanchuk'}]",,,2008.0,23,3,0,True,"[{'category': 'Mathematics', 'source': 's2-fos-model'}, {'category': 'Mathematics', 'source': 'external'}]",,,"{'name': 'Miskolc Mathematical Notes', 'pages': '119', 'volume': '9'}",2022-01-27T12:34:57.641Z,10.18514/MMN.2008.189,,2901708712,,,,
223988116,"{'ACL': None, 'DBLP': None, 'ArXiv': None, 'MAG': '3016273903', 'CorpusId': '223988116', 'PubMed': None, 'DOI': None, 'PubMedCentral': None}",https://www.semanticscholar.org/paper/5325b20a0d56abac4b8ba47c12bbda5baabaf840,◆ マウンテンバイク◆【中古】トレック TREK 2011年モデル 8000 DISC SLX/XT/XTR SLX/XT/XTR 2011年モデル アルミ マウンテンバイク 3×10速 26インチ MTB ディスクブレーキ：ベリーグッドストアスポーツ自転車の高価買取と即日出張のサイクルパラダイス大阪【自転車専門店】自転車 通勤 通学 完成車 シマノ SHIMANO,"[{'authorId': '1643846202', 'name': '金門日報'}]",,,2015.0,0,0,0,False,,,2015-07-27,"{'name': '', 'pages': None, 'volume': ''}",2022-01-27T13:09:39.732Z,,,3016273903,,,,
203504437,"{'ACL': None, 'DBLP': None, 'ArXiv': None, 'MAG': '2973056027', 'CorpusId': '203504437', 'PubMed': None, 'DOI': None, 'PubMedCentral': None}",https://www.semanticscholar.org/paper/8db42471c3eb5767598aa4df8d9cbf0110eb32cb,Avaliação relativa e por fluxo de caixa descontado da empresa Localiza S.A.,"[{'authorId': '144297263', 'name': 'Marcus Vinícius do Prado'}]",,,2018.0,0,0,0,False,,,,"{'name': '', 'pages': None, 'volume': ''}",2022-01-27T13:20:39.615Z,,,2973056027,,,,
161317546,"{'ACL': None, 'DBLP': None, 'ArXiv': None, 'MAG': '1132262682', 'CorpusId': '161317546', 'PubMed': None, 'DOI': None, 'PubMedCentral': None}",https://www.semanticscholar.org/paper/b3c20751314fe98cf9d453db6a09d137c5a67704,Hilos de esperanza,"[{'authorId': '123913529', 'name': 'Lina M. Velásquez'}, {'authorId': '1666007995', 'name': 'Lina María Romero Cadavid'}]",,,2012.0,0,0,0,False,,,,"{'name': '', 'pages': None, 'volume': ''}",2022-01-27T16:11:11.727Z,,,1132262682,,,,
169100438,"{'ACL': None, 'DBLP': None, 'ArXiv': None, 'MAG': '200239382', 'CorpusId': '169100438', 'PubMed': None, 'DOI': None, 'PubMedCentral': None}",https://www.semanticscholar.org/paper/5dc05e4613701c23a70af9b2d399bfa4aa0dde9a,Descendimiento de Hernán Barra Salomone,"[{'authorId': '117272511', 'name': 'G. Rojas'}]",,,1985.0,0,0,0,False,,,,,2022-01-27T14:47:45.530Z,,,200239382,,,,
223680107,"{'ACL': None, 'DBLP': None, 'ArXiv': None, 'MAG': '1490268058', 'CorpusId': '223680107', 'PubMed': None, 'DOI': None, 'PubMedCentral': None}",https://www.semanticscholar.org/paper/285e1e9167768f7ffd85aa408a784aa1d0259ede,“万里挑一·富士杯”《垂钓》杂志钓鱼联赛（京津塘站）圆满落幕,"[{'authorId': '71187622', 'name': '王鉴'}]",,,2013.0,0,0,0,False,,,,"{'name': '', 'pages': '78-78', 'volume': ''}",2022-01-27T17:01:07.424Z,,,1490268058,,,,
236062113,"{'ACL': None, 'DBLP': None, 'ArXiv': None, 'MAG': '2611323070', 'CorpusId': '236062113', 'PubMed': None, 'DOI': None, 'PubMedCentral': None}",https://www.semanticscholar.org/paper/bd3b9f64d4f8077f1aaaee98c51943814cebbfea,F-CECUNA-10 Declaración Jurada General,"[{'authorId': '2035082188', 'name': 'Cecuna'}]",,,2016.0,0,0,0,False,,,2016-08-03,"{'name': '', 'pages': None, 'volume': ''}",2022-01-27T11:02:45.297Z,,,2611323070,,,,
221658971,"{'ACL': None, 'DBLP': None, 'ArXiv': None, 'MAG': None, 'CorpusId': '221658971', 'PubMed': None, 'DOI': None, 'PubMedCentral': None}",https://www.semanticscholar.org/paper/fd074f5f5a589379413cd754cd941fb191ba9fb5,A Rural Institutional Platform Mobilizes Communities to Become Effective Partners in Agricultural Innovation in Andhra Pradesh,"[{'authorId': '145603414', 'name': 'G. Larson'}, {'authorId': '122933718', 'name': 'World Bank'}, {'authorId': '2034017536', 'name': 'Melissa Williams'}]",,,2012.0,0,2,0,False,,,,,2022-01-27T13:03:23.547Z,,,,,,,
233364818,"{'ACL': None, 'DBLP': None, 'ArXiv': None, 'MAG': None, 'CorpusId': '233364818', 'PubMed': None, 'DOI': None, 'PubMedCentral': None}",https://www.semanticscholar.org/paper/db4b184fe8bf2eef7ec5808bb37b0fbac73bf724,"Finally, therefore, this book is a little disappointing, in so far as it addresses on its title-page the problem of the influence of Hellenism on the trinitarian theology of Basil, but touches the central issue in a slightly unsatisfactory manner","[{'authorId': '50257405', 'name': 'A. Meredith'}, {'authorId': '47224189', 'name': 'T. Aquinas'}, {'authorId': '81841661', 'name': 'K. Barth'}, {'authorId': '2111762233', 'name': 'matthew fox'}, {'authorId': '148018864', 'name': 'S. Bulgakov'}]",,,2011.0,0,0,0,False,,['Review'],,,2022-01-27T15:57:12.999Z,,,,,,,
165429097,"{'ACL': None, 'DBLP': None, 'ArXiv': None, 'MAG': '2899397077', 'CorpusId': '165429097', 'PubMed': None, 'DOI': '10.1353/jnt.2018.0013', 'PubMedCentral': None}",https://www.semanticscholar.org/paper/aa2ca2869c7fa8c84377212f8e9838621fb65a11,Feminist Solidarity and Experiment in Kathy Acker’s Early Writings,"[{'authorId': '107949604', 'name': 'G. Colby'}]",,,2019.0,22,0,0,False,"[{'category': 'Art', 'source': 's2-fos-model'}, {'category': 'Art', 'source': 'external'}]",,2019-01-17,"{'name': 'Journal of Narrative Theory', 'pages': '290 - 313', 'volume': '48'}",2022-01-27T07:08:24.865Z,10.1353/jnt.2018.0013,,2899397077,,,,
109900804,"{'ACL': None, 'DBLP': None, 'ArXiv': None, 'MAG': '1979114552', 'CorpusId': '109900804', 'PubMed': None, 'DOI': '10.4028/www.scientific.net/AMM.587-589.384', 'PubMedCentral': None}",https://www.semanticscholar.org/paper/144a6d7b3640f1076651f2b16a27413323746fb7,Analysis on Exterior Wall Conformation of Low-Rise Light Steel Structure Residence Based on Thermal Theory,"[{'authorId': '49144274', 'name': 'M. Lu'}, {'authorId': '145397971', 'name': 'Ling Zheng'}]",,,2014.0,4,1,0,False,"[{'category': 'Engineering', 'source': 's2-fos-model'}, {'category': 'Materials Science', 'source': 's2-fos-model'}, {'category': 'Engineering', 'source': 'external'}]",,2014-07-01,"{'name': 'Applied Mechanics and Materials', 'pages': '384 - 388', 'volume': '587-589'}",2022-01-27T04:42:31.694Z,10.4028/www.scientific.net/AMM.587-589.384,,1979114552,,,,
236770002,"{'ACL': None, 'DBLP': None, 'ArXiv': None, 'MAG': None, 'CorpusId': '236770002', 'PubMed': None, 'DOI': None, 'PubMedCentral': None}",https://www.semanticscholar.org/paper/8e9a6fd888ee840b288106f52c12854ea49cea27,MULTIFILAMENT YARNS FOR REINFORCING ELASTIC ARTICLES,"[{'authorId': '2122312660', 'name': 'Wilhelmus J. Fonjn'}, {'authorId': '2098541357', 'name': 'K. V. Drunen'}, {'authorId': '144875217', 'name': 'W. J. Fontijn'}, {'authorId': '2121967767', 'name': 'Korstiaan J. M. van Drunen'}]",,,2017.0,0,0,0,False,,,,,2022-01-27T06:11:37.545Z,,,,,,,
223450973,"{'ACL': None, 'DBLP': None, 'ArXiv': None, 'MAG': '652105076', 'CorpusId': '223450973', 'PubMed': None, 'DOI': None, 'PubMedCentral': None}",https://www.semanticscholar.org/paper/c5de5d1f6904a84a441a8e9deced2513022fbe9e,「主婦」の誕生 : 婦人雑誌と女性たちの近代,"[{'authorId': '114471631', 'name': '木村 涼子'}]",,,2010.0,0,0,0,False,,,2010-12-02,"{'name': '', 'pages': None, 'volume': ''}",2022-01-27T07:01:45.463Z,,,652105076,,,,
176790486,"{'ACL': None, 'DBLP': None, 'ArXiv': None, 'MAG': '648368527', 'CorpusId': '176790486', 'PubMed': None, 'DOI': None, 'PubMedCentral': None}",https://www.semanticscholar.org/paper/45a61cf01ba7a26a4add317c3af99a02608d47b3,PICKER社製第4世代スパイラルCT PQ-5000の使用経験,"[{'authorId': '80638177', 'name': '白神 登'}, {'authorId': '73930984', 'name': '渡邊 祐司'}, {'authorId': '136550938', 'name': '赤松 義真'}]",,,1996.0,0,0,0,False,,,1996-08-15,"{'name': '', 'pages': '978-984', 'volume': '28'}",2022-01-27T10:28:29.001Z,,,648368527,,,,
145853584,"{'ACL': None, 'DBLP': None, 'ArXiv': None, 'MAG': '2937136131', 'CorpusId': '145853584', 'PubMed': None, 'DOI': None, 'PubMedCentral': None}",https://www.semanticscholar.org/paper/9f8a2006929223319947feaf4ac48ae3f6254179,Method for processing information and electronic device,"[{'authorId': '66581835', 'name': '尹航'}, {'authorId': '67034089', 'name': '江忠胜'}]",,,2012.0,0,0,0,False,"[{'category': 'Computer Science', 'source': 's2-fos-model'}, {'category': 'Computer Science', 'source': 'external'}]",,2012-06-28,"{'name': '', 'pages': None, 'volume': ''}",2022-01-27T13:34:11.967Z,,,2937136131,,,,
131679379,"{'ACL': None, 'DBLP': None, 'ArXiv': None, 'MAG': '2227710712', 'CorpusId': '131679379', 'PubMed': None, 'DOI': None, 'PubMedCentral': None}",https://www.semanticscholar.org/paper/00e6b95b13f525a71a9dae0e1719ff92340a68f1,The Sensitivity of Coastal Systems to Perturbation,"[{'authorId': '101402991', 'name': 'D. Lord'}, {'authorId': '144722721', 'name': 'A. Nielsen'}]",,,1989.0,0,0,0,False,"[{'category': 'Environmental Science', 'source': 's2-fos-model'}, {'category': 'Geography', 'source': 'external'}]",,,,2022-01-27T16:30:09.365Z,,,2227710712,,,,
160964077,"{'ACL': None, 'DBLP': None, 'ArXiv': None, 'MAG': '649017370', 'CorpusId': '160964077', 'PubMed': None, 'DOI': None, 'PubMedCentral': None}",https://www.semanticscholar.org/paper/46e705f1bd730e3d204d39b6c3a9d86b53381920,"Die Kommentare von Raschi, Ibn Esra, Radaq, zu Joel","[{'authorId': '74378787', 'name': 'G. Widmer'}]",,,1945.0,0,0,0,False,,,,,2022-01-27T19:10:10.509Z,,,649017370,,,,
189276670,"{'ACL': None, 'DBLP': None, 'ArXiv': None, 'MAG': '2883846343', 'CorpusId': '189276670', 'PubMed': None, 'DOI': None, 'PubMedCentral': None}",https://www.semanticscholar.org/paper/8abeadbcc98b36b0a45511bce1e5a2dff7e837b7,La consolidación del principio de jurisdicción universal: los casos Argentina y Chile en España,"[{'authorId': '117155549', 'name': 'Baltasar Garzón Real'}]",,,2014.0,0,0,0,False,,,,"{'name': '', 'pages': '39-45', 'volume': ''}",2022-01-27T20:38:30.709Z,,,2883846343,,,,
64797097,"{'ACL': None, 'DBLP': None, 'ArXiv': None, 'MAG': '2611527855', 'CorpusId': '64797097', 'PubMed': None, 'DOI': None, 'PubMedCentral': None}",https://www.semanticscholar.org/paper/173bf767b70c519e2dee53f898e6a63049e56f5f,PENGARUH PEMBELAJARAN KOOPERATIF DAN MINAT TERHADAP PRESTASI BELAJAR,"[{'authorId': '71084417', 'name': 'Narti Narti'}]",,,2016.0,0,0,0,False,"[{'category': 'Education', 'source': 's2-fos-model'}, {'category': 'Computer Science', 'source': 'external'}]",,,"{'name': '', 'pages': '345-355', 'volume': '10'}",2022-01-27T20:40:57.216Z,,,2611527855,,,,
194092568,"{'ACL': None, 'DBLP': None, 'ArXiv': None, 'MAG': '2165926271', 'CorpusId': '194092568', 'PubMed': None, 'DOI': None, 'PubMedCentral': None}",https://www.semanticscholar.org/paper/5b9a05b90b27dc7fff5a562228e990845bd1ec1b,"Rinascimento in controluce : poeti, pittori, cortigiane e teatranti sul palcoscenico rinascimentale","[{'authorId': '104911488', 'name': 'G. Padoan'}, {'authorId': '119823825', 'name': 'A. Franceschetti'}]",,,1995.0,0,2,0,False,,,1995-10-01,"{'name': 'Quaderni D Italianistica', 'pages': '331-332', 'volume': '16'}",2022-02-08T08:16:49.127Z,,,2165926271,,,,
189521017,"{'ACL': None, 'DBLP': None, 'ArXiv': None, 'MAG': '50223328', 'CorpusId': '189521017', 'PubMed': None, 'DOI': None, 'PubMedCentral': None}",https://www.semanticscholar.org/paper/2c4245d623ab1a1d4a975285b44eaaaa3e5306d8,Pastelli e grafite nella produzione di Mario Schifano,"[{'authorId': '146163466', 'name': 'Alessia Predebon'}]",,,2009.0,0,0,0,False,,,,,2022-02-08T09:49:52.435Z,,,50223328,,,,
188779287,"{'ACL': None, 'DBLP': None, 'ArXiv': None, 'MAG': '2886197868', 'CorpusId': '188779287', 'PubMed': None, 'DOI': None, 'PubMedCentral': None}",https://www.semanticscholar.org/paper/c5d45a3e303088ed65b4e3f3c9a315eb9c914874,Ferrara Futurista. Fondazione e riviste del fascio futurista ferrarese,"[{'authorId': '134667162', 'name': 'R. Picello'}]",,,2010.0,0,0,0,False,,,,"{'name': '', 'pages': '33-36', 'volume': ''}",2022-02-08T10:07:54.795Z,,,2886197868,,,,
187652919,"{'ACL': None, 'DBLP': None, 'ArXiv': None, 'MAG': '2788645122', 'CorpusId': '187652919', 'PubMed': None, 'DOI': None, 'PubMedCentral': None}",https://www.semanticscholar.org/paper/1c3233b5df422382e6c0fcc8852e6721cfb07745,Осложнения инородных тел пищевода у детей,"[{'authorId': '148591933', 'name': 'Обыденнова Раиса Владиславовна'}, {'authorId': '87183476', 'name': 'В А Веровский'}, {'authorId': '87888636', 'name': 'С. А. Полюдов'}, {'authorId': '82157410', 'name': 'В. И. Гуз'}, {'authorId': '81607486', 'name': 'А. В. Мызин'}, {'authorId': '148467971', 'name': 'А. М. Михопулос'}]",,,2011.0,0,0,0,False,,,,,2022-02-08T10:36:27.564Z,,,2788645122,,,,
184226317,"{'ACL': None, 'DBLP': None, 'ArXiv': None, 'MAG': '2494510147', 'CorpusId': '184226317', 'PubMed': None, 'DOI': '10.13109/9783666563980.80', 'PubMedCentral': None}",https://www.semanticscholar.org/paper/01eb3122e70c477c2cd7f418b9743ba8d6046ac0,III. Jüdische moralische Wahrnehmungen von Kindesaussetzung,"[{'authorId': '1460002385', 'name': 'Christina Tuor-Kurth'}]",,,2009.0,0,0,0,False,,,,"{'name': '', 'pages': '80-192', 'volume': ''}",2022-02-08T11:59:24.110Z,10.13109/9783666563980.80,,2494510147,,,,
183655203,"{'ACL': None, 'DBLP': None, 'ArXiv': None, 'MAG': '2498524376', 'CorpusId': '183655203', 'PubMed': None, 'DOI': None, 'PubMedCentral': None}",https://www.semanticscholar.org/paper/b855c072a311eb0fa27c4908876dfb054124c5f3,广阔天地 大有作为——对农行枝江市三农事业部运行情况的调查与思考,"[{'authorId': '92818923', 'name': '肖华林'}]",,,2011.0,0,0,0,False,,,,"{'name': '', 'pages': '45-47', 'volume': ''}",2022-02-08T12:15:48.291Z,,,2498524376,,,,
182967188,"{'ACL': None, 'DBLP': None, 'ArXiv': None, 'MAG': '2338333917', 'CorpusId': '182967188', 'PubMed': None, 'DOI': None, 'PubMedCentral': None}",https://www.semanticscholar.org/paper/fd5d0f4166112b3c79eb0ce9ae387b6b2a2fe5ff,隆昌县 严把“三关”推进基层党建项目化管理,"[{'authorId': '66111266', 'name': '李毅'}]",,,2015.0,0,0,0,False,,,,"{'name': '', 'pages': '44-44', 'volume': ''}",2022-02-08T12:35:34.666Z,,,2338333917,,,,
182958528,"{'ACL': None, 'DBLP': None, 'ArXiv': None, 'MAG': '2476397711', 'CorpusId': '182958528', 'PubMed': None, 'DOI': '10.1055/b-0034-8330', 'PubMedCentral': None}",https://www.semanticscholar.org/paper/5392bab355f2d487c9b412d22fb3b44bdfdc37e3,8.3 Klinische Untersuchung,"[{'authorId': '145875138', 'name': 'J. Jerosch'}, {'authorId': '2985200', 'name': 'W. H. Castro'}]",,,2002.0,0,0,0,False,,,,,2022-02-08T12:35:52.687Z,10.1055/b-0034-8330,,2476397711,,,,
183446688,"{'ACL': None, 'DBLP': None, 'ArXiv': None, 'MAG': '2479375629', 'CorpusId': '183446688', 'PubMed': None, 'DOI': None, 'PubMedCentral': None}",https://www.semanticscholar.org/paper/82e0610f6f6f36c31ac8c008c44c6e98145be896,挑战极限 超越自我——近访陈笑风,"[{'authorId': '135837400', 'name': '彭寿辉'}]",,,2006.0,0,0,0,False,,,,,2022-02-08T12:22:08.065Z,,,2479375629,,,,
163651584,"{'ACL': None, 'DBLP': None, 'ArXiv': None, 'MAG': '2513309211', 'CorpusId': '163651584', 'PubMed': None, 'DOI': None, 'PubMedCentral': None}",https://www.semanticscholar.org/paper/a8a8d91424b75e8842c4cedd175c73be1bcd06e5,De Boris a Boris,"[{'authorId': '2057088950', 'name': 'Juan Manuel Montobbio Jover'}]",,,1960.0,0,0,0,False,,,,,2022-02-08T21:06:47.582Z,,,2513309211,,,,
163583508,"{'ACL': None, 'DBLP': None, 'ArXiv': None, 'MAG': '2340499845', 'CorpusId': '163583508', 'PubMed': None, 'DOI': None, 'PubMedCentral': None}",https://www.semanticscholar.org/paper/16e65f31100541f55bc56e2bbfce18b51e7924e3,Krystian Lupa: Z Polski nie wyjadę,"[{'authorId': '2059640493', 'name': 'A. Michalak'}]",,,2012.0,0,0,0,False,,,2012-11-18,"{'name': '', 'pages': None, 'volume': ''}",2022-02-08T21:09:39.171Z,,,2340499845,,,,
163245903,"{'ACL': None, 'DBLP': None, 'ArXiv': None, 'MAG': '2517826501', 'CorpusId': '163245903', 'PubMed': None, 'DOI': None, 'PubMedCentral': None}",https://www.semanticscholar.org/paper/3b02ac4809b9554ba3fe65055883515ec1ef333a,"Libros. WITZ, Claude: «Droit privé allemand. 1. Actes juridiques, droits subjectifs», ed. Litec (parís, 1992), 625 páginas.","[{'authorId': '112957476', 'name': 'Regina Gaya Sicilia'}]",,,1993.0,0,1,0,False,,,,"{'name': '', 'pages': '1864-1873', 'volume': ''}",2022-02-08T21:20:33.502Z,,,2517826501,,,,
162433415,"{'ACL': None, 'DBLP': None, 'ArXiv': None, 'MAG': '2246848599', 'CorpusId': '162433415', 'PubMed': None, 'DOI': None, 'PubMedCentral': None}",https://www.semanticscholar.org/paper/0796b6319d18938cb4132d51ca7c3c89f80e3946,El fondo antiguo del Ayuntamiento de Bolaños,"[{'authorId': '123299375', 'name': 'Antonia González de Toro'}]",,,2009.0,0,0,0,False,,,,,2022-02-08T21:44:11.791Z,,,2246848599,,,,
162029619,"{'ACL': None, 'DBLP': None, 'ArXiv': None, 'MAG': '1996598651', 'CorpusId': '162029619', 'PubMed': None, 'DOI': '10.4000/E-SPANIA.20366', 'PubMedCentral': None}",https://www.semanticscholar.org/paper/9b6ab70ce2769c8a6ba7187819de82fbc07e0ac4,Linhagem e estruturas de parentesco: Algumas reflexões,"[{'authorId': '2101474227', 'name': 'José Augusto de Sottomayor-Pizarro'}]",,,2011.0,0,0,0,False,,,2011-05-18,"{'name': 'E-Spania', 'pages': '12', 'volume': ''}",2022-02-08T21:56:31.675Z,10.4000/E-SPANIA.20366,,1996598651,,,,
161014320,"{'ACL': None, 'DBLP': None, 'ArXiv': None, 'MAG': '583395172', 'CorpusId': '161014320', 'PubMed': None, 'DOI': None, 'PubMedCentral': None}",https://www.semanticscholar.org/paper/9b299ba21cbe80aac8943287a7b61f7786f9d0aa,Le XVIIIe siècle : des lumières à la Sainte-Alliance 1740-1820,"[{'authorId': '2068244314', 'name': 'P. Michel'}]",,,1986.0,0,0,0,False,,,,"{'name': '', 'pages': None, 'volume': ''}",2022-02-08T22:26:26.437Z,,,583395172,,,,
159894344,"{'ACL': None, 'DBLP': None, 'ArXiv': None, 'MAG': '21142434', 'CorpusId': '159894344', 'PubMed': None, 'DOI': None, 'PubMedCentral': None}",https://www.semanticscholar.org/paper/ee04bbf555025309cabf23e01b8266521cdd7b71,Medio llena o medio vacía: el estado del Objetivo de Desarrollo del Milenio sobre Educación Primaria,"[{'authorId': '83600859', 'name': 'Juan Manuel Moreno Olmedilla'}]",,,2007.0,0,0,0,False,,,,,2022-02-08T23:02:21.708Z,,,21142434,,,,
158594015,"{'ACL': None, 'DBLP': None, 'ArXiv': None, 'MAG': '2891644982', 'CorpusId': '158594015', 'PubMed': None, 'DOI': None, 'PubMedCentral': None}",https://www.semanticscholar.org/paper/a694a9e04dd39cd068e6e3b897e65f21e1df9075,The Role of Theoretical Restrictions in Price Forecasting with Inverse Demand Models,"[{'authorId': '145162159', 'name': 'H. Klaiber'}, {'authorId': '3699556', 'name': 'M. Holt'}]",,,2007.0,29,0,0,False,"[{'category': 'Economics', 'source': 's2-fos-model'}, {'category': 'Computer Science', 'source': 'external'}, {'category': 'Mathematics', 'source': 'external'}]",,,"{'name': '', 'pages': None, 'volume': ''}",2022-02-08T23:41:48.037Z,,,2891644982,,,,
159212743,"{'ACL': None, 'DBLP': None, 'ArXiv': None, 'MAG': '2940413266', 'CorpusId': '159212743', 'PubMed': None, 'DOI': '10.3917/G2000.354.0121', 'PubMedCentral': None}",https://www.semanticscholar.org/paper/86a488b1fee332ca12636a67d44b8b0d3ea8f52c,Impact de linteraction entre le comit daudit et la fonction de laudit interne sur lefficacit de laudit interne,"[{'authorId': '121046682', 'name': 'Dellai Hella'}, {'authorId': '115519774', 'name': 'Omri Mohamed Ali Brahim'}]",,,2018.0,3,0,0,False,,,,"{'name': '', 'pages': '121', 'volume': '35'}",2022-02-08T23:21:21.320Z,10.3917/G2000.354.0121,,2940413266,,,,
198485941,"{'ACL': None, 'DBLP': None, 'ArXiv': None, 'MAG': '2954635909', 'CorpusId': '198485941', 'PubMed': None, 'DOI': '10.23977/ETMHS.2018.29154', 'PubMedCentral': None}",https://www.semanticscholar.org/paper/cd754218f3346af131ec47fa2347dd6627827a7a,Application of Intelligent Garment Formwork Technology on Modern Garment Enterprises,"[{'authorId': '50030705', 'name': 'Xiaobin Yang'}]",,,2018.0,10,0,0,True,"[{'category': 'Business', 'source': 's2-fos-model'}, {'category': 'Engineering', 'source': 'external'}]",,2018-06-01,"{'name': '', 'pages': None, 'volume': ''}",2022-02-08T06:08:58.607Z,10.23977/ETMHS.2018.29154,,2954635909,,,,
192803013,"{'ACL': None, 'DBLP': None, 'ArXiv': None, 'MAG': '2345038040', 'CorpusId': '192803013', 'PubMed': None, 'DOI': None, 'PubMedCentral': None}",https://www.semanticscholar.org/paper/070487300498d5499fa6883dbe19d8c6343b8e18,Darcy Ribeiro in Italia: analisi descrittive dei romanzi Maíra e utopia selvagem,"[{'authorId': '2099321636', 'name': 'Katia Zornetta'}]",,,2015.0,0,0,0,False,,,,"{'name': '', 'pages': None, 'volume': ''}",2022-02-08T08:40:34.978Z,,,2345038040,,,,
192650398,"{'ACL': None, 'DBLP': None, 'ArXiv': None, 'MAG': '2473384225', 'CorpusId': '192650398', 'PubMed': None, 'DOI': None, 'PubMedCentral': None}",https://www.semanticscholar.org/paper/078977bfac5cd3879f61cb0c0d14124d2d36ee2b,Les dermatoses spécifiques de la grossesse,"[{'authorId': '78426076', 'name': 'R. Alehiane'}, {'authorId': '2099284263', 'name': 'K. Elmouatacim'}, {'authorId': '14940071', 'name': 'W. Bisbis'}, {'authorId': '15128363', 'name': 'T. Chraibi'}, {'authorId': '82123457', 'name': 'N. Samouh'}]",,,2007.0,0,0,0,False,,,,,2022-02-08T08:43:21.139Z,,,2473384225,,,,
192486022,"{'ACL': None, 'DBLP': None, 'ArXiv': None, 'MAG': '2342362624', 'CorpusId': '192486022', 'PubMed': None, 'DOI': None, 'PubMedCentral': None}",https://www.semanticscholar.org/paper/20a317f3a59d9980c7e68dd7088289c16bf2ca9e,Quinns Beach mosaic makeover,"[{'authorId': '144356339', 'name': 'S. Gray'}]",,,2016.0,0,0,0,False,"[{'category': 'Art', 'source': 's2-fos-model'}, {'category': 'Art', 'source': 'external'}]",,2016-04-22,"{'name': '', 'pages': None, 'volume': ''}",2022-02-08T08:47:03.597Z,,,2342362624,,,,
192584315,"{'ACL': None, 'DBLP': None, 'ArXiv': None, 'MAG': '69493799', 'CorpusId': '192584315', 'PubMed': None, 'DOI': None, 'PubMedCentral': None}",https://www.semanticscholar.org/paper/a74230613603848dd03070de2d922d1f65b1871f,"Papá, ¿Cómo se dice ""video"" en latín?","[{'authorId': '104116442', 'name': 'Silvano Borruso'}]",,,2004.0,0,0,0,False,,,,,2022-02-08T08:44:52.460Z,,,69493799,,,,
191106316,"{'ACL': None, 'DBLP': None, 'ArXiv': None, 'MAG': '1592014703', 'CorpusId': '191106316', 'PubMed': None, 'DOI': '10.14198/FEM.2012.20.11', 'PubMedCentral': None}",https://www.semanticscholar.org/paper/8390af8762f5492e54e90ba3356e20b0b962c16a,Reclamando sus misterios: La conferencia de la Diosa Ibérica,"[{'authorId': '104320899', 'name': 'M. Fernández'}]",,,2012.0,0,0,0,True,"[{'category': 'Economics', 'source': 's2-fos-model'}, {'category': 'Art', 'source': 'external'}]",,2012-12-15,"{'name': '', 'pages': '205-221', 'volume': ''}",2022-02-08T09:09:41.772Z,10.14198/FEM.2012.20.11,,1592014703,,,,
181543681,"{'ACL': None, 'DBLP': None, 'ArXiv': None, 'MAG': '574099568', 'CorpusId': '181543681', 'PubMed': None, 'DOI': None, 'PubMedCentral': None}",https://www.semanticscholar.org/paper/efc71b1a5b65dd94807f7209fa40d71030e53619,Cambiar la realidad,"[{'authorId': '104963074', 'name': 'E. Cardenal'}]",,,1980.0,0,0,0,False,,,,"{'name': '', 'pages': '16-20', 'volume': '9'}",2022-02-08T13:14:13.690Z,,,574099568,,,,
181248569,"{'ACL': None, 'DBLP': None, 'ArXiv': None, 'MAG': '2319778777', 'CorpusId': '181248569', 'PubMed': None, 'DOI': '10.3406/bspf.1908.11643', 'PubMedCentral': None}",https://www.semanticscholar.org/paper/8622e759c5b396e9b5ff78fca0c4e2039e6dfc45,"Sur une hache néolithique, cassée et recollée à une époque indéterminée","[{'authorId': '88142373', 'name': 'A. Doigneau'}]",,,,0,0,0,False,,,,,2022-02-08T13:15:54.548Z,10.3406/bspf.1908.11643,,2319778777,,,,
180547178,"{'ACL': None, 'DBLP': None, 'ArXiv': None, 'MAG': '2266917813', 'CorpusId': '180547178', 'PubMed': None, 'DOI': None, 'PubMedCentral': None}",https://www.semanticscholar.org/paper/f39a5aba78202a72b630c6c972f407830b82cb99,永远的英雄 祖国的骄傲——纪念中国人民解放军建军80周年,"[{'authorId': '136142132', 'name': '汤文川'}]",,,2007.0,0,0,0,False,,,,"{'name': '', 'pages': '6-6', 'volume': ''}",2022-02-08T13:26:41.441Z,,,2266917813,,,,
199910086,"{'ACL': None, 'DBLP': None, 'ArXiv': None, 'MAG': '624663250', 'CorpusId': '199910086', 'PubMed': None, 'DOI': None, 'PubMedCentral': None}",https://www.semanticscholar.org/paper/9f6c7bf938afc405ddb52492adadab453fc0acd5,Повседневность русских городских обывателей : исторические анекдоты из провинциальной жизни XVIII века,"[{'authorId': '94223181', 'name': 'A. Kamenskiĭ'}]",,,2006.0,0,0,0,False,,,,"{'name': '', 'pages': None, 'volume': ''}",2022-02-08T05:25:11.071Z,,,624663250,,,,
199847329,"{'ACL': None, 'DBLP': None, 'ArXiv': None, 'MAG': '647800820', 'CorpusId': '199847329', 'PubMed': None, 'DOI': None, 'PubMedCentral': None}",https://www.semanticscholar.org/paper/fc67dd85ccd464c236b74146d9f754cc9d5117ee,韓國婚姻考 : 法制와 婚俗,"[{'authorId': '1394756712', 'name': '金 完燮'}]",,,1975.0,0,0,0,False,,,,,2022-02-08T05:30:12.763Z,,,647800820,,,,
193828225,"{'ACL': None, 'DBLP': None, 'ArXiv': None, 'MAG': '2594553847', 'CorpusId': '193828225', 'PubMed': None, 'DOI': None, 'PubMedCentral': None}",https://www.semanticscholar.org/paper/3afffbfd17a98c1bb2ca1402f8d0d96c10024d2e,"Els inicis de l’electricitat a Catalunya, el present i el futur: Història hidroelèctrica de Seròs amb la “Canadenca”","[{'authorId': '2066659620', 'name': 'Ricardo Bosch Tous'}, {'authorId': '2094538960', 'name': 'Pau Casals Torrens'}, {'authorId': '2078662150', 'name': 'Alexandre Serrano Fontova'}]",,,2017.0,0,0,0,False,,,,"{'name': '', 'pages': '1-5', 'volume': ''}",2022-02-08T08:19:17.074Z,,,2594553847,,,,
188059646,"{'ACL': None, 'DBLP': None, 'ArXiv': None, 'MAG': '2756874582', 'CorpusId': '188059646', 'PubMed': None, 'DOI': None, 'PubMedCentral': None}",https://www.semanticscholar.org/paper/c396cbbe6c9b5c6f9b6da1229a84ac5d9e82185b,Neumodulierung und Glykokonjugation von Faktor IX,"[{'authorId': '2071860800', 'name': 'Frees Shawn De'}, {'authorId': '2069753135', 'name': 'David Zopf'}, {'authorId': '2080761576', 'name': 'Caryn Bowe'}, {'authorId': '2081878036', 'name': 'David Hakes'}, {'authorId': '2145308696', 'name': 'Xi Chen'}]",,,2002.0,0,0,0,False,,,,,2022-02-08T10:25:03.678Z,,,2756874582,,,,
186138964,"{'ACL': None, 'DBLP': None, 'ArXiv': None, 'MAG': '2504076749', 'CorpusId': '186138964', 'PubMed': None, 'DOI': '10.1159/000400734', 'PubMedCentral': None}",https://www.semanticscholar.org/paper/3912fd05746055b7c66647f9290537730215b255,Erster Teil Generelle Embryologie,"[{'authorId': '39894721', 'name': 'W. Brandt'}]",,,1949.0,0,0,0,False,,,,,2022-02-08T11:12:18.849Z,10.1159/000400734,,2504076749,,,,
180368883,"{'ACL': None, 'DBLP': None, 'ArXiv': None, 'MAG': '2290600768', 'CorpusId': '180368883', 'PubMed': None, 'DOI': None, 'PubMedCentral': None}",https://www.semanticscholar.org/paper/2190a673d30a8ba64a10f46af43f13ec8abefeac,ENG 02298 TRABALHO DE DIPLOMAÇÃO,"[{'authorId': '52599859', 'name': 'Escola Politécnica de Engenharia'}, {'authorId': '93830440', 'name': 'Engenharia de Materiais'}, {'authorId': '133649885', 'name': 'Adição De Prata'}]",,,2013.0,7,0,0,False,,,,"{'name': '', 'pages': None, 'volume': ''}",2022-02-08T13:32:06.215Z,,,2290600768,,,,
180016089,"{'ACL': None, 'DBLP': None, 'ArXiv': None, 'MAG': '1197018628', 'CorpusId': '180016089', 'PubMed': None, 'DOI': None, 'PubMedCentral': None}",https://www.semanticscholar.org/paper/c6351ab3b0bc7e7ac40539e24efe6b1f8842d808,传承中华美德 激扬爱国情怀——国学课上巧妙渗透爱国主义教育,"[{'authorId': '2033678271', 'name': '王淑芳'}]",,,2013.0,0,0,0,False,,,,"{'name': '', 'pages': '185-185', 'volume': ''}",2022-02-08T13:42:22.894Z,,,1197018628,,,,
180332324,"{'ACL': None, 'DBLP': None, 'ArXiv': None, 'MAG': '2262033493', 'CorpusId': '180332324', 'PubMed': None, 'DOI': None, 'PubMedCentral': None}",https://www.semanticscholar.org/paper/0ce294b6279865fa91ab96de1976aa93c5d8c3c1,参与 生成 评价——“有效”课堂教学的三部曲,"[{'authorId': '95042902', 'name': '赵爱平'}]",,,2013.0,0,0,0,False,,,,"{'name': '', 'pages': '36-37', 'volume': ''}",2022-02-08T13:32:44.024Z,,,2262033493,,,,
180139250,"{'ACL': None, 'DBLP': None, 'ArXiv': None, 'MAG': '1233745400', 'CorpusId': '180139250', 'PubMed': None, 'DOI': None, 'PubMedCentral': None}",https://www.semanticscholar.org/paper/ab2da009413d8562d989d4ee01181c927a0d603a,开展标准化执法 实施人性化服务 努力营造和谐执法环境,"[{'authorId': '135636948', 'name': '宋玉信'}]",,,2010.0,0,0,0,False,,,,,2022-02-08T13:38:44.868Z,,,1233745400,,,,
179949795,"{'ACL': None, 'DBLP': None, 'ArXiv': None, 'MAG': '1233216003', 'CorpusId': '179949795', 'PubMed': None, 'DOI': None, 'PubMedCentral': None}",https://www.semanticscholar.org/paper/7ec5cb905d1920ee1a4bd91e73212060e6e6db95,Przedkopernikańska kosmologia a teologia : średniowieczny obraz świata / Józef Mączka.,"[{'authorId': '91231615', 'name': 'J. Mączka'}]",,,2000.0,0,1,0,False,,,,"{'name': '', 'pages': '31-39', 'volume': '32'}",2022-02-08T13:43:53.835Z,,,1233216003,,,,
179649521,"{'ACL': None, 'DBLP': None, 'ArXiv': None, 'MAG': '1200002917', 'CorpusId': '179649521', 'PubMed': None, 'DOI': None, 'PubMedCentral': None}",https://www.semanticscholar.org/paper/a83ba4b802aebfb4dacdea3535533942cc089db5,坚持新闻平衡报道原则 做世界性的影响力媒体——半岛电视台的拓展之路,"[{'authorId': '2098145075', 'name': '李玲娟'}]",,,2013.0,0,0,0,False,,,,,2022-02-08T13:53:14.533Z,,,1200002917,,,,
178755305,"{'ACL': None, 'DBLP': None, 'ArXiv': None, 'MAG': '1522614945', 'CorpusId': '178755305', 'PubMed': None, 'DOI': None, 'PubMedCentral': None}",https://www.semanticscholar.org/paper/11a0f31c605385fe1e13fff218ea6ae033590613,이 계절의 시 : 장님 걸인-외 1편,"[{'authorId': '73708642', 'name': '고창수'}]",,,2001.0,0,0,0,False,,,,,2022-02-08T14:16:27.883Z,,,1522614945,,,,
178858477,"{'ACL': None, 'DBLP': None, 'ArXiv': None, 'MAG': '2179539497', 'CorpusId': '178858477', 'PubMed': None, 'DOI': None, 'PubMedCentral': None}",https://www.semanticscholar.org/paper/34e8ba9552c678ddc0095d67e94b4f31d89494dc,Istanze servili alle libertates : alle origini della disciplina constantiniana De his qui in ecclesiis manumittuntur,"[{'authorId': '1996419833', 'name': 'Giorgio Barone-Adesi'}]",,,2013.0,0,0,0,False,,,,"{'name': '', 'pages': '89-120', 'volume': '5'}",2022-02-08T14:14:09.212Z,,,2179539497,,,,
178684730,"{'ACL': None, 'DBLP': None, 'ArXiv': None, 'MAG': '2215960606', 'CorpusId': '178684730', 'PubMed': None, 'DOI': None, 'PubMedCentral': None}",https://www.semanticscholar.org/paper/30d0d676d7b08f93d3016cb1d2fe68c79383a2bc,尺牘揷入春書 외 1부,"[{'authorId': '135153478', 'name': '박해람'}]",,,2008.0,0,0,0,False,,,,,2022-02-08T14:17:45.655Z,,,2215960606,,,,
176697133,"{'ACL': None, 'DBLP': None, 'ArXiv': None, 'MAG': '890135197', 'CorpusId': '176697133', 'PubMed': None, 'DOI': None, 'PubMedCentral': None}",https://www.semanticscholar.org/paper/c1b1edba4978871668d691f4e7458302cd5d182e,“洪”篇巨制 源于生活——“洪源文集”读后,"[{'authorId': '135322673', 'name': '任志萍'}]",,,2009.0,0,0,0,False,,,,"{'name': '', 'pages': '47-50', 'volume': ''}",2022-02-08T15:22:26.095Z,,,890135197,,,,
176571933,"{'ACL': None, 'DBLP': None, 'ArXiv': None, 'MAG': '898567339', 'CorpusId': '176571933', 'PubMed': None, 'DOI': None, 'PubMedCentral': None}",https://www.semanticscholar.org/paper/4d1dbeae807c3f3324b2c37239dec9929640f4f4,创新 改革 联合 发展——“第二十二届华东电视技术年会暨第三届华协体发展峰会”隆重召开,"[{'authorId': '101669875', 'name': '侯玉娟'}]",,,2009.0,0,0,0,False,,,,,2022-02-08T15:23:52.777Z,,,898567339,,,,
174171849,"{'ACL': None, 'DBLP': None, 'ArXiv': None, 'MAG': '324967309', 'CorpusId': '174171849', 'PubMed': None, 'DOI': None, 'PubMedCentral': None}",https://www.semanticscholar.org/paper/f575caefa7f57d1b12c4fa39ff405839f3e98b90,Effetti del giudicato rispetto ai terzi: due casi in materia di pegno,"[{'authorId': '121989269', 'name': 'Paola Ziliotto'}]",,,2014.0,0,0,0,False,,,,,2022-02-08T15:48:48.151Z,,,324967309,,,,
173612339,"{'ACL': None, 'DBLP': None, 'ArXiv': None, 'MAG': '204319313', 'CorpusId': '173612339', 'PubMed': None, 'DOI': None, 'PubMedCentral': None}",https://www.semanticscholar.org/paper/1948c5fea5c7d2b3c84905cdb8042790645a176e,Médicos de Familia: un único colectivo,"[{'authorId': '74113356', 'name': 'A. P. Magrinyà'}]",,,1996.0,0,0,0,False,,,,,2022-02-08T15:57:38.706Z,,,204319313,,,,
172111462,"{'ACL': None, 'DBLP': None, 'ArXiv': None, 'MAG': '2913555225', 'CorpusId': '172111462', 'PubMed': None, 'DOI': None, 'PubMedCentral': None}",https://www.semanticscholar.org/paper/da9c7c977f836b13c1f4e53fa8a67dd110a8d34b,"XI Congreso Internacional de la Sociedad Española de Cuidados Paliativos, Sevilla 12-14 de mayo 2016: Cuidados paliativos; un derecho de todos. Libro de comunicaciones","[{'authorId': '33270135', 'name': 'C. Montero'}, {'authorId': '80085344', 'name': 'Antonio Pascual López'}]",,,2016.0,0,0,0,False,,,,"{'name': '', 'pages': None, 'volume': ''}",2022-02-08T16:29:09.951Z,,,2913555225,,,,
168066549,"{'ACL': None, 'DBLP': None, 'ArXiv': None, 'MAG': '2248820656', 'CorpusId': '168066549', 'PubMed': None, 'DOI': None, 'PubMedCentral': None}",https://www.semanticscholar.org/paper/65a0443c20b00b838004d46d2d47fe71e42f9396,S.741 - National Catastrophic Disaster Insurance Act,"[{'authorId': '82646138', 'name': 'H. Scott'}]",,,1975.0,0,0,0,False,"[{'category': 'Political Science', 'source': 's2-fos-model'}, {'category': 'Business', 'source': 'external'}]",,1975-02-19,,2022-02-08T18:36:58.336Z,,,2248820656,,,,
166697705,"{'ACL': None, 'DBLP': None, 'ArXiv': None, 'MAG': '211708963', 'CorpusId': '166697705', 'PubMed': None, 'DOI': None, 'PubMedCentral': None}",https://www.semanticscholar.org/paper/c32633f7254f5846f4469c3271781b9ee023577b,Doing Business 2008 Morocco : comparing regulation in 178 economies,"[{'authorId': '118832397', 'name': 'Caralee McLiesh'}, {'authorId': '73308392', 'name': 'J. Haidar'}, {'authorId': '96138033', 'name': 'Lara Goldmark'}, {'authorId': '101292487', 'name': 'Penelope Fidas'}, {'authorId': '66442763', 'name': 'Simeon Djankov'}, {'authorId': '120902414', 'name': 'Sylvia Solf'}, {'authorId': '121199868', 'name': 'Caroline Huwiler'}]",,,2007.0,0,0,0,False,"[{'category': 'Economics', 'source': 's2-fos-model'}, {'category': 'Business', 'source': 's2-fos-model'}, {'category': 'Business', 'source': 'external'}]",,2007-06-01,,2022-02-08T19:21:14.503Z,,,211708963,,,,
171903526,"{'ACL': None, 'DBLP': None, 'ArXiv': None, 'MAG': '2622382202', 'CorpusId': '171903526', 'PubMed': None, 'DOI': None, 'PubMedCentral': None}",https://www.semanticscholar.org/paper/0aa04a130cf7dac3e43d240fd5fee6aface97048,CURVAS DE NEUTRALIZAÇÃO DE SOLOS NUMA SUCESSÃO DE FLORESTA COM PASTAGEM NO MUNICÍPIO DE JI-PARANÁ,"[{'authorId': '133773938', 'name': 'ceulji-ulbra jossânia machado'}, {'authorId': '104000103', 'name': 'F. R. Sampaio'}, {'authorId': '133749094', 'name': 'ceuji-ulbra viviany bordon corrêa'}, {'authorId': '133751561', 'name': 'ceulji-ulbra elaine almeida delarmelinda'}]",,,2007.0,0,0,0,False,,,2007-09-12,,2022-02-08T16:35:35.516Z,,,2622382202,,,,
171866470,"{'ACL': None, 'DBLP': None, 'ArXiv': None, 'MAG': '2581951780', 'CorpusId': '171866470', 'PubMed': None, 'DOI': None, 'PubMedCentral': None}",https://www.semanticscholar.org/paper/6eb76f2bc9ee548340ced60de46b02439d61e5ed,"Mηδαμοὺς / μὴ πλέονας ἐσδέξασθαι ἐς τὸ ἱρόν. Numerus clausus e auto-identificazione “etnica” dei Greci d’Asia (Eoli, Ioni, Dori)","[{'authorId': '108446028', 'name': 'G. Ragone'}]",,,2010.0,0,0,0,False,,,,,2022-02-08T16:36:49.677Z,,,2581951780,,,,
171325798,"{'ACL': None, 'DBLP': None, 'ArXiv': None, 'MAG': '2358531593', 'CorpusId': '171325798', 'PubMed': None, 'DOI': None, 'PubMedCentral': None}",https://www.semanticscholar.org/paper/747f1f1f0480914cf8e7f76d0c584032a58095f2,Eulogy of Northern Song Dynasty:On Liuyong's Eulogy Style Ci,"[{'authorId': '1411800270', 'name': 'Chen Deng-ping'}]",,,2010.0,0,0,0,False,"[{'category': 'Education', 'source': 's2-fos-model'}, {'category': 'Sociology', 'source': 'external'}]",,,,2022-02-08T16:53:26.568Z,,,2358531593,,,,
171188162,"{'ACL': None, 'DBLP': None, 'ArXiv': None, 'MAG': '2463363854', 'CorpusId': '171188162', 'PubMed': None, 'DOI': None, 'PubMedCentral': None}",https://www.semanticscholar.org/paper/821cb451d598cd93746194acb16c3e04272cdbbc,Metafisica delle forme simboliche. Note su Cassirer inedito,"[{'authorId': '3386059', 'name': 'Massimo Ferrari'}]",,,1995.0,0,0,0,False,,,,"{'name': 'Rivista Di Storia Della Filosofia', 'pages': '809-837', 'volume': '50'}",2022-02-08T16:57:52.072Z,,,2463363854,,,,
168906647,"{'ACL': None, 'DBLP': None, 'ArXiv': None, 'MAG': '2603251570', 'CorpusId': '168906647', 'PubMed': None, 'DOI': None, 'PubMedCentral': None}",https://www.semanticscholar.org/paper/35cdbfdd6f7a10ec03705ad49f0cd735b25e2c41,Globalization Policies And E-Commerce Impact On Iranian Information Technology SME Sector,"[{'authorId': '121259326', 'name': 'Mohammad Rahimi'}]",,,2011.0,0,0,0,False,"[{'category': 'Business', 'source': 's2-fos-model'}, {'category': 'Business', 'source': 'external'}]",,2011-08-01,"{'name': '', 'pages': None, 'volume': ''}",2022-02-08T18:07:33.740Z,,,2603251570,,,,
168785648,"{'ACL': None, 'DBLP': None, 'ArXiv': None, 'MAG': '2590170390', 'CorpusId': '168785648', 'PubMed': None, 'DOI': None, 'PubMedCentral': None}",https://www.semanticscholar.org/paper/aa496d36c0531658bed850535366d5ae990b34f0,Budowa trasy tramwaju szybkiego do Wilanowa,"[{'authorId': '121202547', 'name': 'G. Madrjas'}]",,,2016.0,0,3,0,False,,,,"{'name': '', 'pages': None, 'volume': ''}",2022-02-08T18:09:57.773Z,,,2590170390,,,,
167439579,"{'ACL': None, 'DBLP': None, 'ArXiv': None, 'MAG': '2342935216', 'CorpusId': '167439579', 'PubMed': None, 'DOI': None, 'PubMedCentral': None}",https://www.semanticscholar.org/paper/7c7bfc00af49012aed68d61d27e733679e0eb27c,Application of the Balanced Scorecard Framework in Performance Measurement of E-Government Services: Case of Kenya Revenue Authority,"[{'authorId': '108572780', 'name': 'G. Akinyi'}]",,,2014.0,0,1,0,False,"[{'category': 'Business', 'source': 's2-fos-model'}, {'category': 'Business', 'source': 'external'}]",,2014-12-01,"{'name': '', 'pages': None, 'volume': ''}",2022-02-08T18:59:12.619Z,,,2342935216,,,,
165054883,"{'ACL': None, 'DBLP': None, 'ArXiv': None, 'MAG': '2741990366', 'CorpusId': '165054883', 'PubMed': None, 'DOI': '10.4000/BOOKS.PULM.1264', 'PubMedCentral': None}",https://www.semanticscholar.org/paper/42479dc0110a9b2aee4edff46060a9350cff2ea3,"Chapitre VII. 1499-1503, la brève apothéose des Borgia","[{'authorId': '120608397', 'name': 'Raphaël Carrasco'}]",,,2013.0,0,0,0,False,,,,"{'name': '', 'pages': None, 'volume': ''}",2022-02-08T20:08:46.387Z,10.4000/BOOKS.PULM.1264,,2741990366,,,,
157091040,"{'ACL': None, 'DBLP': None, 'ArXiv': None, 'MAG': '2571573596', 'CorpusId': '157091040', 'PubMed': None, 'DOI': None, 'PubMedCentral': None}",https://www.semanticscholar.org/paper/d8ab1b45f0011dc37d483c7d0fd8ecb402953c4b,2 Visions: Foreign Affairs in Domestic Debate 1660-1689,"[{'authorId': '114981375', 'name': 'Gabriel Glickman'}]",,,2010.0,15,0,0,False,"[{'category': 'History', 'source': 's2-fos-model'}, {'category': 'Political Science', 'source': 's2-fos-model'}, {'category': 'Political Science', 'source': 'external'}]",['Review'],,"{'name': '', 'pages': None, 'volume': ''}",2022-02-09T00:27:04.994Z,,,2571573596,,,,
