venueID,paperID,startPage,endPage
gqb69lo0-ut1w-7q7o-pxvv-q2njgihitdw7,224597913,92,179
fz3guy7i-odk0-62rp-sl7p-0fy9ex3ikwii,224597913,19,67
7pp6fpix-gih1-269t-y2bc-so44y1ulbsr7,224597913,86,117
5u8ds8ok-x63v-kjtn-qrz3-e853gem7889t,224597913,96,107
4zbn5gqs-krvu-zy5r-e4lc-2w23iex0h4uu,224597913,81,89
z80zs5yj-uio9-mqci-6m89-q4x3dd7bxr1g,224597913,98,165
m0aycbyk-mztk-6vzn-eowz-3n96j4d489yc,214235867,55,155
hythccdz-tw4o-38k5-amkw-92k3qm3y21jn,214235867,4,25
j1sxzvn5-l3qy-uvdz-xrqz-6kphyci8pk4v,214235867,67,109
034xz0gm-h9t1-4iiz-3qck-r23th9nlmobv,214235867,67,133
urm46f0y-yjd3-3ign-4wsv-hxyzte1f3322,214235867,72,90
6su08a29-8v1e-x8cl-2id5-irqju5klwnw1,214235867,44,109
wgmxb8ar-i6bi-cd9g-430v-5td2xm9brn2u,214235867,14,84
wpua0qrx-n5cr-jjqh-h147-9ukpo4aan13w,214235867,93,141
xpfd7y8t-jsyx-i8v7-hky1-di3bw22t1bk7,214235867,29,102
lnsme8b2-vdld-aip8-3urr-zludlgj2l7a1,211992081,54,95
bymn7fsd-z383-4tfi-05ph-1w6myuwiwgdy,211992081,46,74
1f4nypqr-1bgv-efy2-kli9-rm6fxgkljlx1,211992081,99,157
uwol4ul4-jjx8-4rr6-oafi-1re0z6p3kf6k,211992081,44,141
9jzx0b8x-jolg-kxw8-dzj6-ue9g0767zugf,211992081,25,49
0oegg4o0-hjuy-ui7x-qxo3-4yedoumhcoju,211992081,49,57
wanaga71-aizp-5cg0-5539-lddst70yqj5w,211992081,54,103
6rqfvbxz-jxdz-gkbv-5be4-v8dpnhrnqvz1,211992081,65,99
vdlhb15i-48c4-8jux-oc36-sauyoeqsk0w1,211992081,23,95
3d1qymo8-9qyy-44tp-p089-psive15sct1s,211992081,49,97
cbnbgy9n-l23d-fahv-dc8r-s3fjryk3cu39,211992081,9,47
c8p4ywlu-di1p-7hre-8eb9-fwj2703ddoek,211992081,16,50
b1a70ilc-31vv-bgg0-k313-vwopbu82g2hg,211992081,65,143
3mppdaq4-joij-luou-259f-qgokmiib7j3x,211992081,42,50
rshhl5wj-xenw-e1h1-d2l6-pdn7klca9khp,211992081,49,56
6rfxfcsm-lvfl-ij2j-riar-amzoqqvxeiwq,222186672,29,106
lnsme8b2-vdld-aip8-3urr-zludlgj2l7a1,222186672,5,65
5gniavaq-35gx-vfjc-xrnl-kw33fl55cmf6,222186672,65,142
xkvjv0ck-afs2-ji5g-o6aa-kh1n27hz5knc,222186672,100,137
kozzkkcj-i8ar-mxld-557b-z7b6h2pkj82s,222186672,91,166
keli4g71-0ow5-l5c8-n6sq-999xwmqkafnu,222186672,2,44
pucuc1d4-r49c-a6t7-vnz9-8oa7kdr10mrw,222186672,94,144
xxvlg10d-k5ab-bf5h-evzz-upjtioszfjvg,222186672,30,119
lgotxrkt-8k74-9cts-sybe-8dwfqe8nc863,222186672,9,42
cgmdgs4d-eapx-i2iz-ecea-92vsgutvv95k,222186672,37,59
cmpf2bbp-ydui-ahn3-eyyh-jon4pcl2kvze,213814050,100,186
54il8541-rdjz-zagi-0g23-m4tjmod5mcqp,213814050,27,77
v5zzoqxc-uvv0-6vef-9s7e-7w599oo86f1o,213814050,24,78
6rfxfcsm-lvfl-ij2j-riar-amzoqqvxeiwq,213814050,17,78
ri6hlx8e-2a32-akzg-xks2-r9hvyb0483vj,213814050,18,19
gr2rlqur-kqob-3gn4-gbt7-v1ml9cio5kb6,213814050,21,33
n4o8xqi1-gug2-9syt-1cs5-niqmvu4wvihf,157594369,27,58
vlm94x05-cdum-09od-7z01-paoyy0ohjo1v,157594369,31,87
l925jhwo-9fwh-ydy8-80vf-b4x541gakrba,157594369,44,130
9h7ioalu-j3d8-zaw9-sw7w-cr4ijex5wao3,157594369,19,31
1f4nypqr-1bgv-efy2-kli9-rm6fxgkljlx1,157594369,87,89
9v1c4l2v-da2c-tfz7-iulr-igjexv7my5tn,157594369,38,80
dv0t3r5g-lrii-exrv-llcy-0ufnmmxsjnf6,157594369,86,138
wrqf1ws9-1g26-gqgk-ozsq-mu1px0ktovx6,157594369,45,75
02s0yi9l-szyq-mk0k-nhyd-mylhw38vsn1u,157594369,8,16
3nohzmeg-1v9g-ck9j-ysfr-bxno38f3wbkk,157594369,71,80
2q5y029k-569w-zcxh-lgp2-wj7ju592b7w9,157594369,15,47
cmpf2bbp-ydui-ahn3-eyyh-jon4pcl2kvze,157594369,37,68
rshhl5wj-xenw-e1h1-d2l6-pdn7klca9khp,189615356,17,50
in1fw2v6-oko5-yxwn-4s93-fl4mk0vdrcwd,189615356,53,65
sqow5jjv-x72p-yt9q-7r4n-o7at8cse8ckc,189615356,80,114
37sontm3-deq6-pa32-uh4c-r5kv77nwk0j0,189615356,67,138
tgfmevlv-8klu-pnb4-0cb2-q87nyc3wfa4s,189615356,16,102
mqoua9ss-ldo4-nwle-4snl-q2u15k9hh7yo,189615356,69,85
s5ya84y1-9m6t-gvj5-9j54-en0xsjdnk8e5,189615356,43,80
808qob46-3fcl-elyr-f8rk-bkgtb3qxmlhb,189615356,82,180
zltxbim7-36c2-zeq8-twee-qqk9hoakuzht,189615356,85,125
rbex1r1q-xpkc-rdal-aj4k-qleoroj5ffuo,189615356,57,88
1ppcajvk-pq6m-9eu9-89vx-3xafi6c11a79,187221758,77,148
thdz4vff-2unv-oo4d-kxum-suacf2e9qg2d,187221758,85,129
bymn7fsd-z383-4tfi-05ph-1w6myuwiwgdy,187221758,3,89
rttc9658-73b3-6t59-6sm4-qli26mfyw9b5,187221758,19,59
vlm94x05-cdum-09od-7z01-paoyy0ohjo1v,187221758,37,63
erexbv09-azmb-t430-ick3-rbkyf0sfas7j,187221758,55,83
3nohzmeg-1v9g-ck9j-ysfr-bxno38f3wbkk,187221758,64,70
eiuaa7ia-o6x4-gvaq-lhtm-ynyvkjjmc3u4,187221758,55,64
lw94admo-1kky-dt5i-bdrc-48s4vuavkk8s,187221758,20,42
ovig1uw0-8eek-qwh2-lykv-3b17bggjhwzz,182160933,85,109
s14q4ctv-74n7-uaz6-1857-0x6clf5qkvv9,182160933,83,168
8igemviq-yxuv-vqia-kuyb-4dhh72i2wkf0,182160933,52,107
3bgyp5u1-6b15-t7u3-0e9u-t2l7jg78srwu,182160933,85,173
k4ohl8tr-jn5u-hrsg-6wng-ubsjwl4bkz17,182160933,14,26
fkc6pjjl-ysvn-uwrj-6h28-5c4le81fef7t,182160933,6,34
7adfp347-6wl0-5gbq-nyv6-b8llmsl5bziu,182160933,20,105
urm46f0y-yjd3-3ign-4wsv-hxyzte1f3322,182160933,83,101
wqgrpoks-q3cn-mswm-8c0f-k6n7yn1ekex7,182160933,91,176
4zud10fu-23ah-cwxu-p994-vocli2m41awi,182160933,75,114
8tg2bjqv-i23t-h54w-xhow-qr7fgawx22yj,246009114,83,178
hitan7il-lubz-ayzs-ooge-5uiwn6d14bxp,246009114,37,106
qwr10age-6wff-1a8y-e8zb-uq4c9v0wbk0e,246009114,98,171
in1fw2v6-oko5-yxwn-4s93-fl4mk0vdrcwd,246009114,76,160
cmpf2bbp-ydui-ahn3-eyyh-jon4pcl2kvze,246009114,44,70
35xx2qwt-qekm-a0b2-xluo-ufmta5l5723r,246009114,22,28
frcwmpz4-e7sj-no0v-mqq8-handkwpgc4ry,246009114,48,55
54il8541-rdjz-zagi-0g23-m4tjmod5mcqp,246009114,75,88
leqemmk7-fc4x-fyr2-k46r-4432r73zfi6n,246009114,63,111
wdmoa74b-18cz-xjqy-wslp-u2iplkbpnjbf,246009114,97,151
wm24isw9-6hpx-yvfq-xqnd-kfc3tk8ih7av,110184512,15,20
3mppdaq4-joij-luou-259f-qgokmiib7j3x,110184512,92,138
hythccdz-tw4o-38k5-amkw-92k3qm3y21jn,110184512,47,89
lw94admo-1kky-dt5i-bdrc-48s4vuavkk8s,110184512,100,131
wdmoa74b-18cz-xjqy-wslp-u2iplkbpnjbf,110184512,90,161
7wj5imnp-cpne-zba0-u9bc-p1slthsun6bx,115925191,70,110
h7xfco1p-rivt-2bxw-akaq-yqu3i92h0udm,115925191,87,97
4zud10fu-23ah-cwxu-p994-vocli2m41awi,115925191,45,72
j1sxzvn5-l3qy-uvdz-xrqz-6kphyci8pk4v,115925191,7,23
m0aycbyk-mztk-6vzn-eowz-3n96j4d489yc,115925191,72,89
0rv4lpgd-7jxc-ijkz-l9p6-l56a4jrw62oe,115925191,67,69
0cn5aihk-h9cf-hwpv-hrmd-znv7syk5adi3,115925191,77,140
xl8t0e3s-gsve-ltcs-0pu7-hj7olehyn0kh,115925191,66,120
rw8tewnd-h9i7-a560-z5em-lwov05hzew6y,115925191,52,143
c9jfmq4s-ymmo-1b32-xwzi-37yztjziv2uy,115925191,64,73
7dpg0jpt-k2ix-zb5t-11kj-mot26jmk7ko5,126089984,48,93
0e49wb5l-t2yg-2ewc-m92z-0yb86igjky34,126089984,9,52
o6t42u5t-8wbn-fnsp-96ul-pc1s25q43y3q,126089984,78,102
rttc9658-73b3-6t59-6sm4-qli26mfyw9b5,126089984,16,20
1i6yymae-okpd-5vvn-zz9e-8tyl1luow8cl,126089984,57,108
8wgjjh06-7wk9-9kq4-vmdi-7d1qjqs0jxgn,126089984,65,107
fltycy4f-81ml-231o-57x0-qqfuc39mcv5f,126089984,5,32
7mlq0slg-at9q-1fau-z0wt-35yjlf1fxnda,126089984,37,78
8igemviq-yxuv-vqia-kuyb-4dhh72i2wkf0,126089984,90,127
i6tn5ppv-cb7k-naa8-y1ko-wbfozz9yv36q,126089984,20,61
808qob46-3fcl-elyr-f8rk-bkgtb3qxmlhb,223988116,61,142
1f4nypqr-1bgv-efy2-kli9-rm6fxgkljlx1,223988116,58,118
y813lsj7-1vg1-lqlk-ojlg-cyxmgs9sz9rh,223988116,35,91
tmvs4q5x-6xk3-57ei-j1dx-z5nnvbnokiqp,223988116,93,131
tn3vdnkm-sxu5-8wph-nyyo-4vg8m40a0qtn,223988116,11,95
5xlpwqlq-eu87-og87-svv3-v91gz75ab3t6,223988116,51,111
3vjjxul6-poi3-iwev-bq5b-yqlnezwnxixj,223988116,13,92
35xx2qwt-qekm-a0b2-xluo-ufmta5l5723r,223988116,42,91
740bqno6-pc45-v9kv-7745-4jsvr4caxq8y,223988116,73,146
x7gkyw2u-xb5l-tirb-pv1s-gjvms5v0px0u,223988116,79,147
0oegg4o0-hjuy-ui7x-qxo3-4yedoumhcoju,161317546,11,34
z80zs5yj-uio9-mqci-6m89-q4x3dd7bxr1g,161317546,60,116
y813lsj7-1vg1-lqlk-ojlg-cyxmgs9sz9rh,161317546,23,36
0e6mnr66-jvx3-rceg-w2vu-b5q114pfj02x,161317546,72,140
769iv6g8-xovf-r6pn-uqzc-6fm6mbmrofuf,161317546,7,85
w4jhjfgi-pbyc-toh7-gkee-x61qriuuhuat,161317546,85,116
tgfmevlv-8klu-pnb4-0cb2-q87nyc3wfa4s,161317546,84,98
yhzm0gwe-j6pg-7d5s-nvsw-uvw3jy3q25o5,161317546,54,74
du8saixa-1osi-eywn-in7y-9cvc1h5aoy9o,236062113,68,80
xl8t0e3s-gsve-ltcs-0pu7-hj7olehyn0kh,236062113,14,16
setf25vq-nag1-9xk3-qu4b-gd7hqf24tanb,236062113,83,175
67olbcur-6osi-bwp4-92ma-rfw6gxm73mku,236062113,45,93
5lhsjm7u-e8dw-nhcj-i4ln-apcmoegnfgyk,236062113,58,116
5l5a1pgl-ekn4-3xgp-cmjh-rn63ojvd9oxq,236062113,50,70
9rfipbcc-89h5-v97t-bbif-47qc736niyw7,236062113,23,54
pucuc1d4-r49c-a6t7-vnz9-8oa7kdr10mrw,236062113,23,107
4zbn5gqs-krvu-zy5r-e4lc-2w23iex0h4uu,236062113,87,130
gr2rlqur-kqob-3gn4-gbt7-v1ml9cio5kb6,236062113,27,120
i6tn5ppv-cb7k-naa8-y1ko-wbfozz9yv36q,236062113,58,155
o4vq5ro2-v4gr-ho7p-dloo-0e4a882uiq8d,236062113,19,119
wpua0qrx-n5cr-jjqh-h147-9ukpo4aan13w,236062113,87,158
bf8pq8n6-wiaj-i32h-ewaa-tb8qpaxvso61,236062113,32,127
4zzipq9z-n2vn-6tz1-ui8c-dwpyc3hjnrdb,221658971,35,59
l6rxniy1-hzn8-u34e-5enl-bt3kzmmliiex,221658971,63,87
qw21hipb-5gu4-k65b-k0xc-jy11g9yv3hc4,221658971,86,185
034xz0gm-h9t1-4iiz-3qck-r23th9nlmobv,221658971,84,105
7x0gg0xb-ofz2-69zd-4qpm-mx0keoj25ew2,221658971,31,99
17nri9i3-rgrw-0t4f-eop4-ry9qdvqsqe4s,221658971,17,40
511920be-5v72-lm8x-nls9-4h7szn1x7fih,221658971,83,119
a436k0zx-48xv-xs7u-8u7r-ymkblug4rftu,109900804,79,136
6rfxfcsm-lvfl-ij2j-riar-amzoqqvxeiwq,109900804,8,100
06pfnvun-6rzh-1ov2-oqbn-6kva5iyojmrn,109900804,97,100
cnsusju4-xo8c-4jnv-p49o-tkm34v423r1s,109900804,48,127
6f57bnpn-skpc-x20r-67te-4il6cowv6c76,109900804,98,171
511920be-5v72-lm8x-nls9-4h7szn1x7fih,109900804,6,89
urm46f0y-yjd3-3ign-4wsv-hxyzte1f3322,236770002,75,122
li9ws8hf-ciov-x95e-nunf-6eidbalau19m,236770002,21,80
9wsuaxj3-6fah-9o7u-jgbu-tshrgr4rtnvp,236770002,64,132
gqk8rwa4-qe9w-j0dc-0f7r-kinq4fwba4u5,236770002,9,92
oqny3fmj-6vye-yvrp-lty7-l4dx743a1da5,236770002,18,37
740bqno6-pc45-v9kv-7745-4jsvr4caxq8y,236770002,82,138
cdpj31og-75cx-imob-ee68-6485smuzm7nm,236770002,95,102
q0kdy026-vbnm-hhg2-rhjr-5vw7t437s0b9,236770002,86,133
cmpf2bbp-ydui-ahn3-eyyh-jon4pcl2kvze,236770002,51,139
e2bjnzc4-xaz1-ztuj-aard-43tuw57e53r6,236770002,64,147
5uki979l-f711-8ttb-puug-upfy6hqfwtro,236770002,28,55
qw21hipb-5gu4-k65b-k0xc-jy11g9yv3hc4,236770002,43,47
bxs3xs8v-mkcx-dg5x-0lge-oyi6g57o75vu,236770002,27,111
7pp6fpix-gih1-269t-y2bc-so44y1ulbsr7,223450973,27,114
3d1qymo8-9qyy-44tp-p089-psive15sct1s,223450973,51,102
4wy8nvgl-nkff-jur5-njs2-byoimarjaqlp,223450973,72,81
0vsj9aad-xlv0-n63e-1te1-k7xkcy6zeeo2,223450973,69,109
fltycy4f-81ml-231o-57x0-qqfuc39mcv5f,223450973,84,184
gl10qgsj-yctb-ly23-wp3a-c9ss0hrmjfqx,223450973,49,138
5xlpwqlq-eu87-og87-svv3-v91gz75ab3t6,223450973,24,98
wanaga71-aizp-5cg0-5539-lddst70yqj5w,223450973,55,78
kny73hdy-8xg1-zajt-f19b-uqdoa0emhy5m,223450973,42,71
m9onnsgg-o8m8-41gc-6m8a-k27ayp2eg528,223450973,46,115
0oegg4o0-hjuy-ui7x-qxo3-4yedoumhcoju,176790486,21,113
esvxrdm8-asxy-bv6s-04j6-6dy6rwn15kaf,176790486,13,30
tb448uuw-ans4-1cu3-802z-yl2owaq2gnz7,176790486,43,126
ca5kmcr7-k7mt-53os-7fg2-89rm7ez02hd1,176790486,25,58
q0kdy026-vbnm-hhg2-rhjr-5vw7t437s0b9,176790486,31,56
d04yvlz1-gfcn-jitx-60qs-0l879faj7g3p,176790486,97,129
fz3guy7i-odk0-62rp-sl7p-0fy9ex3ikwii,160964077,17,107
6vd1a3qy-1mbn-ej5q-gglf-zyvunykr0u5f,160964077,73,94
hitan7il-lubz-ayzs-ooge-5uiwn6d14bxp,160964077,80,155
9wk76w7w-r1wq-hy29-9anb-jtryy85hvntk,160964077,83,173
gqk8rwa4-qe9w-j0dc-0f7r-kinq4fwba4u5,160964077,39,73
c1llvhy3-gze0-s3sq-5m4w-a8c89htbb8lo,160964077,9,67
ddlizvvx-ui1r-iw3i-prxr-2rvi6j05c67v,160964077,3,15
9luw3pkr-ate0-4d0l-yglz-mwl9oszcm6f3,189276670,83,157
gqb69lo0-ut1w-7q7o-pxvv-q2njgihitdw7,189276670,37,59
9zd2ut49-z4u8-o1pc-7fa4-18bwzlb7w0av,189276670,26,126
ppsfet3u-h6cz-vd8z-l8zs-lelp01dow8u0,189276670,29,112
rf4gkbdl-0mm2-xcgr-froy-ogckpp6ktjc2,189276670,59,100
oqny3fmj-6vye-yvrp-lty7-l4dx743a1da5,189276670,10,22
1i6yymae-okpd-5vvn-zz9e-8tyl1luow8cl,189276670,61,93
yeemswze-9my3-55o1-x14e-z4soi26375ta,189276670,58,109
qw21hipb-5gu4-k65b-k0xc-jy11g9yv3hc4,189276670,31,121
3npeq7ij-o7gk-v6m4-ch6s-rsl9pgkw3h2z,189276670,50,90
cmpf2bbp-ydui-ahn3-eyyh-jon4pcl2kvze,189276670,42,111
rbex1r1q-xpkc-rdal-aj4k-qleoroj5ffuo,189276670,98,167
7mlq0slg-at9q-1fau-z0wt-35yjlf1fxnda,189276670,91,127
c1llvhy3-gze0-s3sq-5m4w-a8c89htbb8lo,189276670,86,157
o8wo92ss-i946-ppti-vmok-xa27fm03k3oq,189276670,76,147
5u8ds8ok-x63v-kjtn-qrz3-e853gem7889t,64797097,55,154
z2yp250l-8hd3-s2sn-sk7q-6djibdx0wfee,64797097,81,86
eocvkarh-mues-5fgn-vz31-mfshposeic1y,64797097,34,63
rbex1r1q-xpkc-rdal-aj4k-qleoroj5ffuo,64797097,38,98
rha3rjs2-rfv4-330c-s74q-qo36a2a3uzfi,64797097,86,156
tdm3f845-o7qq-0s35-hzp7-gaapl5vga92u,64797097,28,87
a436k0zx-48xv-xs7u-8u7r-ymkblug4rftu,64797097,10,37
6ao21kst-tdp2-oacx-sj1e-m3kb9jhjl998,64797097,28,115
v9rm762m-g7s1-a39k-15n6-x4wmneg8cdby,64797097,22,88
xpfd7y8t-jsyx-i8v7-hky1-di3bw22t1bk7,64797097,88,127
17shajnd-ruz0-t9a4-ry0y-nddgxc4pqr8p,194092568,1,7
3nsxrlra-2nhg-g79j-klbl-exoor2n4h9la,194092568,47,85
m9onnsgg-o8m8-41gc-6m8a-k27ayp2eg528,194092568,19,74
3vjjxul6-poi3-iwev-bq5b-yqlnezwnxixj,194092568,96,182
2nupves1-0oql-gx6r-rsou-fi4gtjdzf5gp,194092568,74,83
qwr10age-6wff-1a8y-e8zb-uq4c9v0wbk0e,194092568,25,123
n4o8xqi1-gug2-9syt-1cs5-niqmvu4wvihf,194092568,59,81
5gniavaq-35gx-vfjc-xrnl-kw33fl55cmf6,194092568,3,74
5gniavaq-35gx-vfjc-xrnl-kw33fl55cmf6,188779287,10,37
tgfmevlv-8klu-pnb4-0cb2-q87nyc3wfa4s,188779287,48,134
7cisqv80-rl9m-n30p-bkr0-5dvs7cm4ixwx,188779287,93,96
vk9w333c-ro0h-q9n5-s00c-9sdfqwja6w90,188779287,27,66
zg5ccyuh-wprg-0kx5-007g-549gj4215d5v,188779287,64,149
cdpj31og-75cx-imob-ee68-6485smuzm7nm,188779287,53,58
i6tn5ppv-cb7k-naa8-y1ko-wbfozz9yv36q,188779287,98,195
qsi7wipr-ytq2-h699-697j-zz46nk3tb4xr,188779287,91,168
xugk8gj6-rfky-o8wp-rtzk-a0p7owgt2umo,188779287,97,159
zkxieg2g-mt94-n7f3-1hya-5ba8sew8ohd4,188779287,59,88
h7xfco1p-rivt-2bxw-akaq-yqu3i92h0udm,182967188,64,71
epbshn0c-dfnu-e7d4-tnv3-7yh9px6abl2n,182967188,44,81
vlm94x05-cdum-09od-7z01-paoyy0ohjo1v,182967188,67,159
0jk3roms-mdtm-2blk-vkuc-gpcwnfl31lg9,182967188,5,31
3d1qymo8-9qyy-44tp-p089-psive15sct1s,182967188,62,80
zg5ccyuh-wprg-0kx5-007g-549gj4215d5v,182967188,81,128
w4jhjfgi-pbyc-toh7-gkee-x61qriuuhuat,182967188,89,135
4wy8nvgl-nkff-jur5-njs2-byoimarjaqlp,182967188,48,90
5l5a1pgl-ekn4-3xgp-cmjh-rn63ojvd9oxq,182967188,71,118
erexbv09-azmb-t430-ick3-rbkyf0sfas7j,182967188,77,171
l925jhwo-9fwh-ydy8-80vf-b4x541gakrba,182967188,6,21
n4o8xqi1-gug2-9syt-1cs5-niqmvu4wvihf,182967188,82,169
tdm3f845-o7qq-0s35-hzp7-gaapl5vga92u,182967188,81,156
6lgesjqy-zmsp-pm7s-3ne0-ex3dicjtqbb5,182967188,23,65
4qmvci2t-ztrg-rpul-2xhy-bu27bttwwqsg,182958528,76,155
esvxrdm8-asxy-bv6s-04j6-6dy6rwn15kaf,182958528,83,96
9luw3pkr-ate0-4d0l-yglz-mwl9oszcm6f3,182958528,49,120
yeemswze-9my3-55o1-x14e-z4soi26375ta,182958528,18,87
6lgesjqy-zmsp-pm7s-3ne0-ex3dicjtqbb5,182958528,38,102
cuapaz4m-iu5o-demj-ufmu-s5v3b2aqhtg5,163583508,87,184
67olbcur-6osi-bwp4-92ma-rfw6gxm73mku,163583508,91,148
o8wo92ss-i946-ppti-vmok-xa27fm03k3oq,163583508,68,121
4zud10fu-23ah-cwxu-p994-vocli2m41awi,163583508,59,66
cbnbgy9n-l23d-fahv-dc8r-s3fjryk3cu39,163583508,7,37
wm24isw9-6hpx-yvfq-xqnd-kfc3tk8ih7av,163583508,9,90
scljzy6k-ebh1-bzfj-zybn-a77efej7fw3w,163583508,22,25
3nohzmeg-1v9g-ck9j-ysfr-bxno38f3wbkk,163245903,15,92
lw94admo-1kky-dt5i-bdrc-48s4vuavkk8s,163245903,55,100
uwol4ul4-jjx8-4rr6-oafi-1re0z6p3kf6k,163245903,65,91
1f4nypqr-1bgv-efy2-kli9-rm6fxgkljlx1,163245903,49,91
3d1qymo8-9qyy-44tp-p089-psive15sct1s,163245903,46,64
km3afamj-gx2y-83zf-5y10-qprjaujz6fi1,163245903,46,60
8wgjjh06-7wk9-9kq4-vmdi-7d1qjqs0jxgn,163245903,82,90
2nupves1-0oql-gx6r-rsou-fi4gtjdzf5gp,163245903,97,196
lnsme8b2-vdld-aip8-3urr-zludlgj2l7a1,162029619,51,118
7cisqv80-rl9m-n30p-bkr0-5dvs7cm4ixwx,162029619,18,60
vk9w333c-ro0h-q9n5-s00c-9sdfqwja6w90,162029619,24,60
b6sgdb7m-hwro-eruc-xtli-jylxc7ca1hzw,162029619,82,100
769iv6g8-xovf-r6pn-uqzc-6fm6mbmrofuf,162029619,85,99
xl8t0e3s-gsve-ltcs-0pu7-hj7olehyn0kh,162029619,96,116
bxs3xs8v-mkcx-dg5x-0lge-oyi6g57o75vu,159894344,44,98
v9rm762m-g7s1-a39k-15n6-x4wmneg8cdby,159894344,80,140
0lntk8n5-16dw-87xz-x49h-z9lrpqtuf4kn,159894344,35,102
ronmxvkv-8gai-jzfz-5lg4-jmu3qo9qz8lq,159894344,9,12
5tovgf5n-f1oh-x2dp-a5o6-casuq1co17zi,159894344,55,93
0vsj9aad-xlv0-n63e-1te1-k7xkcy6zeeo2,159894344,7,33
7mlq0slg-at9q-1fau-z0wt-35yjlf1fxnda,159894344,86,119
6o4zkhc2-aoxe-hbmg-budu-ibc388nlucjg,159894344,54,75
b6sgdb7m-hwro-eruc-xtli-jylxc7ca1hzw,159894344,44,88
ovig1uw0-8eek-qwh2-lykv-3b17bggjhwzz,159894344,49,66
2nupves1-0oql-gx6r-rsou-fi4gtjdzf5gp,159894344,100,118
9h7ioalu-j3d8-zaw9-sw7w-cr4ijex5wao3,159894344,22,101
noivppe6-sdcn-4hsb-jqko-204n8gb4xygc,159894344,44,84
urm46f0y-yjd3-3ign-4wsv-hxyzte1f3322,159894344,25,78
qrgbqmyk-th04-ukqq-gs9n-8pijn1lga4zg,192486022,81,96
5wa2gjh2-wb3u-bf3b-xf7n-kf8b3rth25tl,192486022,75,133
uw815088-afxq-79th-z6o6-ocse4nejit6r,192486022,77,105
g47r5fpa-tp6l-eb0t-wbfa-7q1r4v9euqos,192486022,83,125
rfd7iivu-6tqq-ozv4-nhgn-8ds4sexgbotu,192486022,31,74
7dpg0jpt-k2ix-zb5t-11kj-mot26jmk7ko5,192486022,9,91
n4d2byd3-uuad-v78u-htsh-lb61n7vk66hh,192486022,38,115
bxs3xs8v-mkcx-dg5x-0lge-oyi6g57o75vu,192486022,95,151
ko03bvbw-zp3u-a31t-ar5s-6x5agergq0pp,192486022,53,148
49pwixvy-nm30-5pz4-k18s-yug6vlykyywj,192486022,30,64
bqirl5lk-p7il-rz94-dy0q-uieo2tfxk0r3,192486022,86,109
mobw5asf-txfb-0qwo-lyox-dzre0qwjchlf,192486022,13,61
4zsiz03w-frjj-d77g-qau7-r55cnau8i9vk,181543681,26,95
3bgyp5u1-6b15-t7u3-0e9u-t2l7jg78srwu,181543681,13,32
rw8tewnd-h9i7-a560-z5em-lwov05hzew6y,181543681,78,143
b1a70ilc-31vv-bgg0-k313-vwopbu82g2hg,181543681,7,98
l6rxniy1-hzn8-u34e-5enl-bt3kzmmliiex,181543681,100,197
3npeq7ij-o7gk-v6m4-ch6s-rsl9pgkw3h2z,181543681,27,121
4zzipq9z-n2vn-6tz1-ui8c-dwpyc3hjnrdb,181543681,60,141
wm24isw9-6hpx-yvfq-xqnd-kfc3tk8ih7av,181543681,12,71
l925jhwo-9fwh-ydy8-80vf-b4x541gakrba,181248569,18,100
g47r5fpa-tp6l-eb0t-wbfa-7q1r4v9euqos,181248569,6,61
lgfum1b1-sm1q-qjyj-q7g0-j7804lqwe92q,181248569,49,138
gr2rlqur-kqob-3gn4-gbt7-v1ml9cio5kb6,181248569,100,155
xxvlg10d-k5ab-bf5h-evzz-upjtioszfjvg,181248569,20,76
cgmdgs4d-eapx-i2iz-ecea-92vsgutvv95k,181248569,37,85
3d1qymo8-9qyy-44tp-p089-psive15sct1s,180547178,61,136
7cisqv80-rl9m-n30p-bkr0-5dvs7cm4ixwx,180547178,97,180
epbshn0c-dfnu-e7d4-tnv3-7yh9px6abl2n,180547178,14,49
m9onnsgg-o8m8-41gc-6m8a-k27ayp2eg528,180547178,79,95
bxs3xs8v-mkcx-dg5x-0lge-oyi6g57o75vu,180547178,85,159
5jmk2gh2-5unu-5knq-txyn-phmxplh7tfjd,180547178,29,97
z2yp250l-8hd3-s2sn-sk7q-6djibdx0wfee,180547178,77,108
1ppcajvk-pq6m-9eu9-89vx-3xafi6c11a79,180547178,7,82
ca5kmcr7-k7mt-53os-7fg2-89rm7ez02hd1,180547178,98,122
v5y7rzar-bmui-wksj-d39a-v4t0i4f2yx2p,180547178,30,60
v5y7rzar-bmui-wksj-d39a-v4t0i4f2yx2p,193828225,2,96
1f4nypqr-1bgv-efy2-kli9-rm6fxgkljlx1,193828225,9,89
c9jfmq4s-ymmo-1b32-xwzi-37yztjziv2uy,193828225,12,95
c7mtr4si-8zui-pjex-oxg2-dbxczvgkmt0p,193828225,23,108
op08brad-gzk5-fsyb-5g05-9v7dfrdltwjo,193828225,86,137
02s0yi9l-szyq-mk0k-nhyd-mylhw38vsn1u,193828225,95,116
b1a70ilc-31vv-bgg0-k313-vwopbu82g2hg,193828225,52,87
4fb8q9t4-dlaq-g9yh-9yn8-oi7s3gl1cz84,193828225,79,103
su6j3ahh-m4is-bdxg-j7k1-qluakhlxwh5p,193828225,69,116
5gniavaq-35gx-vfjc-xrnl-kw33fl55cmf6,193828225,8,50
h7xfco1p-rivt-2bxw-akaq-yqu3i92h0udm,193828225,92,161
rf0rgcy8-9vvd-kiv9-vpka-1fyeau2gcfji,193828225,37,39
37sontm3-deq6-pa32-uh4c-r5kv77nwk0j0,193828225,84,102
m5vg7wdz-crip-70wn-7edl-scppiet1ev3q,193828225,48,50
o4vq5ro2-v4gr-ho7p-dloo-0e4a882uiq8d,186138964,25,49
55fqkwb4-gvja-qx5k-8u64-lotnrpggi6q5,186138964,72,78
y143izc6-idje-ilyj-thft-qmcuslqvglgf,186138964,82,100
qwr10age-6wff-1a8y-e8zb-uq4c9v0wbk0e,186138964,29,92
51s55hc5-2k2s-xnd0-fa71-zzxgm3ar3s8l,186138964,93,114
gr2rlqur-kqob-3gn4-gbt7-v1ml9cio5kb6,186138964,3,69
erexbv09-azmb-t430-ick3-rbkyf0sfas7j,186138964,84,175
cmpf2bbp-ydui-ahn3-eyyh-jon4pcl2kvze,186138964,17,44
ronmxvkv-8gai-jzfz-5lg4-jmu3qo9qz8lq,186138964,29,46
tmvs4q5x-6xk3-57ei-j1dx-z5nnvbnokiqp,186138964,75,118
oqny3fmj-6vye-yvrp-lty7-l4dx743a1da5,186138964,31,63
6lgesjqy-zmsp-pm7s-3ne0-ex3dicjtqbb5,180368883,6,39
8bidylwe-v3zu-bubs-gqin-b5dj6wlia7rl,180368883,91,157
6ao21kst-tdp2-oacx-sj1e-m3kb9jhjl998,180368883,66,158
6f57bnpn-skpc-x20r-67te-4il6cowv6c76,180368883,1,54
lgfum1b1-sm1q-qjyj-q7g0-j7804lqwe92q,180368883,97,121
35xx2qwt-qekm-a0b2-xluo-ufmta5l5723r,180368883,30,62
fltycy4f-81ml-231o-57x0-qqfuc39mcv5f,180139250,7,11
l925jhwo-9fwh-ydy8-80vf-b4x541gakrba,180139250,10,58
drga3ind-oe7o-dfpt-o1lt-r3fscte9ad7z,180139250,46,140
mobw5asf-txfb-0qwo-lyox-dzre0qwjchlf,180139250,64,82
6rqfvbxz-jxdz-gkbv-5be4-v8dpnhrnqvz1,180139250,21,116
i6tn5ppv-cb7k-naa8-y1ko-wbfozz9yv36q,179949795,89,117
gqb69lo0-ut1w-7q7o-pxvv-q2njgihitdw7,179949795,40,122
tdm3f845-o7qq-0s35-hzp7-gaapl5vga92u,179949795,39,79
sqow5jjv-x72p-yt9q-7r4n-o7at8cse8ckc,179949795,42,126
3nsxrlra-2nhg-g79j-klbl-exoor2n4h9la,179949795,71,133
op08brad-gzk5-fsyb-5g05-9v7dfrdltwjo,178684730,70,170
upuntc1l-u8f6-c4sb-suwq-6h57n8tkmioq,178684730,79,132
710wy49k-nwmt-gtr1-h43r-ylzatc3kc2fd,178684730,54,89
376s5hvy-eqcd-bhtp-m8gj-6dn3f3uhhx2l,178684730,66,147
eo7pq787-1ibl-lm92-1ykz-pzj78gv6pnxx,178684730,67,78
rfd7iivu-6tqq-ozv4-nhgn-8ds4sexgbotu,178684730,6,87
9w3cr51a-62sn-2e9a-35vd-mem5acvux39r,168066549,66,107
a7hhre9l-vuls-34g5-n7re-u3m6kgq7kamt,168066549,42,135
4qmvci2t-ztrg-rpul-2xhy-bu27bttwwqsg,168066549,31,73
gqb69lo0-ut1w-7q7o-pxvv-q2njgihitdw7,168066549,43,82
scljzy6k-ebh1-bzfj-zybn-a77efej7fw3w,168066549,19,70
qkjhr3j2-3no3-rdkp-kc9p-o6tj3sx81abs,168066549,90,133
lq18y1ji-03d9-k1p6-0mwq-tbe3yjdoi9w5,168066549,18,24
z2yp250l-8hd3-s2sn-sk7q-6djibdx0wfee,166697705,69,119
83m7j3e2-sa5m-ngp3-fdlp-r9233ndawuyy,166697705,8,69
44beoqnc-8ici-kj00-n13h-hdmmyib75jsn,166697705,15,107
5lhsjm7u-e8dw-nhcj-i4ln-apcmoegnfgyk,166697705,96,125
tsm1n5c1-ejkd-9oe2-mz18-xenf2c8tbncj,166697705,96,189
3mppdaq4-joij-luou-259f-qgokmiib7j3x,166697705,3,18
vdlhb15i-48c4-8jux-oc36-sauyoeqsk0w1,166697705,49,51
3nohzmeg-1v9g-ck9j-ysfr-bxno38f3wbkk,171903526,75,79
izj48gwi-e5ve-pmpi-sp2w-8b56uia6i3xw,171903526,6,94
8fhfzprd-n45u-dj2h-49lr-mouz6q9mo8rp,171903526,27,43
keli4g71-0ow5-l5c8-n6sq-999xwmqkafnu,171903526,82,111
8tg2bjqv-i23t-h54w-xhow-qr7fgawx22yj,171903526,82,96
ilyf5k2f-1sd2-c95m-sqq9-m4tek3n2wjuy,171903526,98,140
44beoqnc-8ici-kj00-n13h-hdmmyib75jsn,171903526,45,70
qgi3vk2b-5gae-utcj-usfn-49gvg61vwvop,171903526,32,95
v9rm762m-g7s1-a39k-15n6-x4wmneg8cdby,171903526,34,46
thdz4vff-2unv-oo4d-kxum-suacf2e9qg2d,171903526,64,96
a436k0zx-48xv-xs7u-8u7r-ymkblug4rftu,171903526,54,153
6mmao8yr-kpv9-zzxq-4278-k7zc20cxwwmy,171903526,73,87
gl10qgsj-yctb-ly23-wp3a-c9ss0hrmjfqx,171903526,63,85
cuapaz4m-iu5o-demj-ufmu-s5v3b2aqhtg5,171903526,32,55
6rfxfcsm-lvfl-ij2j-riar-amzoqqvxeiwq,171866470,35,72
83sv0omb-zmt5-eg07-fo3b-1jwe02hfaeuf,171866470,59,118
gtlb5zo9-o1er-q9tr-pjnm-af06t5el3u6e,171866470,6,11
lw94admo-1kky-dt5i-bdrc-48s4vuavkk8s,171866470,30,100
cgmdgs4d-eapx-i2iz-ecea-92vsgutvv95k,171866470,9,35
z80zs5yj-uio9-mqci-6m89-q4x3dd7bxr1g,171866470,97,132
dv0t3r5g-lrii-exrv-llcy-0ufnmmxsjnf6,171866470,23,114
vdlhb15i-48c4-8jux-oc36-sauyoeqsk0w1,171866470,47,100
wqgrpoks-q3cn-mswm-8c0f-k6n7yn1ekex7,171866470,86,124
uwol4ul4-jjx8-4rr6-oafi-1re0z6p3kf6k,171866470,20,90
6su08a29-8v1e-x8cl-2id5-irqju5klwnw1,171866470,1,43
zkxieg2g-mt94-n7f3-1hya-5ba8sew8ohd4,171866470,92,187
lq18y1ji-03d9-k1p6-0mwq-tbe3yjdoi9w5,171325798,12,40
lwq053zd-4wzc-cknl-1elt-t3g3vz3qgaap,171325798,100,126
uwol4ul4-jjx8-4rr6-oafi-1re0z6p3kf6k,171325798,78,104
w4jhjfgi-pbyc-toh7-gkee-x61qriuuhuat,171325798,48,86
0h87p1zp-wil1-4u7z-xmqc-86yghubkljvq,171325798,19,46
1f4nypqr-1bgv-efy2-kli9-rm6fxgkljlx1,171325798,11,76
lplvn2j9-p1xy-kqxz-81ao-4oojw2ua3v3d,171325798,14,32
8fhfzprd-n45u-dj2h-49lr-mouz6q9mo8rp,171325798,23,73
xxvlg10d-k5ab-bf5h-evzz-upjtioszfjvg,171325798,12,97
9zd2ut49-z4u8-o1pc-7fa4-18bwzlb7w0av,171325798,63,153
z3b1unrm-ltnn-9hk8-0kjz-8874q2czgirf,171188162,94,169
lnsme8b2-vdld-aip8-3urr-zludlgj2l7a1,171188162,97,169
bj2eti99-u0p0-jprg-au7e-d4qaeflzkzrl,171188162,26,87
83sjho4u-enxb-nt50-c43o-nyh9ywgmmco7,171188162,40,50
m5vg7wdz-crip-70wn-7edl-scppiet1ev3q,171188162,21,81
wm24isw9-6hpx-yvfq-xqnd-kfc3tk8ih7av,171188162,27,104
17shajnd-ruz0-t9a4-ry0y-nddgxc4pqr8p,171188162,85,143
fz3guy7i-odk0-62rp-sl7p-0fy9ex3ikwii,171188162,46,66
3nohzmeg-1v9g-ck9j-ysfr-bxno38f3wbkk,171188162,42,91
qrgbqmyk-th04-ukqq-gs9n-8pijn1lga4zg,167439579,43,51
7squfi5y-tzur-dnj6-wk9r-dkjaujd0fc1o,167439579,25,102
rf0rgcy8-9vvd-kiv9-vpka-1fyeau2gcfji,167439579,10,35
4zsiz03w-frjj-d77g-qau7-r55cnau8i9vk,167439579,63,65
tf3n8sni-krza-61vf-dn9v-p1ewk4zymx5s,167439579,5,49
9tcg2mfw-3fop-lmnb-vryy-xen4hbfbxrqt,167439579,41,89
e2bjnzc4-xaz1-ztuj-aard-43tuw57e53r6,167439579,59,130
6ntieguf-3cco-hzdi-fsep-m36kwycuuqd7,167439579,90,126
g47r5fpa-tp6l-eb0t-wbfa-7q1r4v9euqos,167439579,29,122
6ao21kst-tdp2-oacx-sj1e-m3kb9jhjl998,167439579,79,173
y143izc6-idje-ilyj-thft-qmcuslqvglgf,167439579,33,132
wanaga71-aizp-5cg0-5539-lddst70yqj5w,167439579,28,77
wanaga71-aizp-5cg0-5539-lddst70yqj5w,165054883,88,120
m9onnsgg-o8m8-41gc-6m8a-k27ayp2eg528,165054883,3,40
bx16q3p0-7qt5-fka5-xyyz-3yzj9m1xgpki,165054883,15,42
5wa2gjh2-wb3u-bf3b-xf7n-kf8b3rth25tl,165054883,53,58
ri6hlx8e-2a32-akzg-xks2-r9hvyb0483vj,165054883,7,18
lw94admo-1kky-dt5i-bdrc-48s4vuavkk8s,165054883,27,68
