journalID,volumeID,year,volume
3e0f5847-034a-4c20-8bed-9fbec8e0cb87,rf0rgcy8-9vvd-kiv9-vpka-1fyeau2gcfji,2020,1
3e0f5847-034a-4c20-8bed-9fbec8e0cb87,s14q4ctv-74n7-uaz6-1857-0x6clf5qkvv9,2021,1
3e0f5847-034a-4c20-8bed-9fbec8e0cb87,e3yvbmfx-awoz-86ds-5o84-lj82y3cai3mb,2022,1
3e0f5847-034a-4c20-8bed-9fbec8e0cb87,qwr10age-6wff-1a8y-e8zb-uq4c9v0wbk0e,2022,2
3e0f5847-034a-4c20-8bed-9fbec8e0cb87,xpfd7y8t-jsyx-i8v7-hky1-di3bw22t1bk7,2023,1
924b5177-20b5-464c-84b2-0f813c7a83b9,769iv6g8-xovf-r6pn-uqzc-6fm6mbmrofuf,2020,1
924b5177-20b5-464c-84b2-0f813c7a83b9,v98i8i45-zbq5-vzo6-ia5v-hdx3x0uwn2vm,2020,2
924b5177-20b5-464c-84b2-0f813c7a83b9,yd0y6ql9-yxes-hq6u-dydy-tg3up2r2wp36,2021,1
924b5177-20b5-464c-84b2-0f813c7a83b9,vdlhb15i-48c4-8jux-oc36-sauyoeqsk0w1,2022,1
924b5177-20b5-464c-84b2-0f813c7a83b9,ca5kmcr7-k7mt-53os-7fg2-89rm7ez02hd1,2022,2
924b5177-20b5-464c-84b2-0f813c7a83b9,7wj5imnp-cpne-zba0-u9bc-p1slthsun6bx,2023,1
924b5177-20b5-464c-84b2-0f813c7a83b9,j3o0o61z-9mye-5csi-4gih-3w9b27wsxnyd,2023,2
6f6d7b8f-57c7-49a4-b01b-ed33ed25b3f2,liya0npa-0ifl-8r0k-yteb-hzrd8mtt9vbj,2020,1
6f6d7b8f-57c7-49a4-b01b-ed33ed25b3f2,tsm1n5c1-ejkd-9oe2-mz18-xenf2c8tbncj,2020,2
6f6d7b8f-57c7-49a4-b01b-ed33ed25b3f2,d04yvlz1-gfcn-jitx-60qs-0l879faj7g3p,2021,1
6f6d7b8f-57c7-49a4-b01b-ed33ed25b3f2,bxs3xs8v-mkcx-dg5x-0lge-oyi6g57o75vu,2022,1
6f6d7b8f-57c7-49a4-b01b-ed33ed25b3f2,0rv4lpgd-7jxc-ijkz-l9p6-l56a4jrw62oe,2022,2
6f6d7b8f-57c7-49a4-b01b-ed33ed25b3f2,4zud10fu-23ah-cwxu-p994-vocli2m41awi,2023,1
6f6d7b8f-57c7-49a4-b01b-ed33ed25b3f2,rw8tewnd-h9i7-a560-z5em-lwov05hzew6y,2023,2
3a9f67ab-f61c-45aa-a187-c08d4035728b,mqfhxlmf-e121-2c0d-gt6z-yvxwevlhb2z6,2020,1
3a9f67ab-f61c-45aa-a187-c08d4035728b,cnsusju4-xo8c-4jnv-p49o-tkm34v423r1s,2021,1
3a9f67ab-f61c-45aa-a187-c08d4035728b,fz3guy7i-odk0-62rp-sl7p-0fy9ex3ikwii,2021,2
3a9f67ab-f61c-45aa-a187-c08d4035728b,0jk3roms-mdtm-2blk-vkuc-gpcwnfl31lg9,2022,1
3a9f67ab-f61c-45aa-a187-c08d4035728b,7dpg0jpt-k2ix-zb5t-11kj-mot26jmk7ko5,2022,2
3a9f67ab-f61c-45aa-a187-c08d4035728b,gtlb5zo9-o1er-q9tr-pjnm-af06t5el3u6e,2023,1
ba0535ba-d87c-4eb2-8597-9649a54eda9d,8tg2bjqv-i23t-h54w-xhow-qr7fgawx22yj,2020,1
ba0535ba-d87c-4eb2-8597-9649a54eda9d,lplvn2j9-p1xy-kqxz-81ao-4oojw2ua3v3d,2020,2
ba0535ba-d87c-4eb2-8597-9649a54eda9d,bqirl5lk-p7il-rz94-dy0q-uieo2tfxk0r3,2021,1
ba0535ba-d87c-4eb2-8597-9649a54eda9d,cdpj31og-75cx-imob-ee68-6485smuzm7nm,2022,1
ba0535ba-d87c-4eb2-8597-9649a54eda9d,c7mtr4si-8zui-pjex-oxg2-dbxczvgkmt0p,2022,2
ba0535ba-d87c-4eb2-8597-9649a54eda9d,tmvs4q5x-6xk3-57ei-j1dx-z5nnvbnokiqp,2023,1
ba0535ba-d87c-4eb2-8597-9649a54eda9d,1i6yymae-okpd-5vvn-zz9e-8tyl1luow8cl,2023,2
4d7bc938-a483-4c5d-bedb-a7722c5c8165,pd7zx1cq-os38-n3en-nk6t-iulsfzwp02ka,2020,1
4d7bc938-a483-4c5d-bedb-a7722c5c8165,6ao21kst-tdp2-oacx-sj1e-m3kb9jhjl998,2021,1
4d7bc938-a483-4c5d-bedb-a7722c5c8165,7adfp347-6wl0-5gbq-nyv6-b8llmsl5bziu,2021,2
4d7bc938-a483-4c5d-bedb-a7722c5c8165,83sjho4u-enxb-nt50-c43o-nyh9ywgmmco7,2022,1
4d7bc938-a483-4c5d-bedb-a7722c5c8165,7mlq0slg-at9q-1fau-z0wt-35yjlf1fxnda,2022,2
4d7bc938-a483-4c5d-bedb-a7722c5c8165,lgotxrkt-8k74-9cts-sybe-8dwfqe8nc863,2023,1
4d7bc938-a483-4c5d-bedb-a7722c5c8165,7cisqv80-rl9m-n30p-bkr0-5dvs7cm4ixwx,2023,2
c4906074-ce3f-48b7-bc22-2df39bb3e948,9xchluqm-6vp4-s89o-u5w1-w55dgy9i8s5e,2020,1
c4906074-ce3f-48b7-bc22-2df39bb3e948,rshhl5wj-xenw-e1h1-d2l6-pdn7klca9khp,2020,2
c4906074-ce3f-48b7-bc22-2df39bb3e948,c8p4ywlu-di1p-7hre-8eb9-fwj2703ddoek,2021,1
c4906074-ce3f-48b7-bc22-2df39bb3e948,bymn7fsd-z383-4tfi-05ph-1w6myuwiwgdy,2021,2
c4906074-ce3f-48b7-bc22-2df39bb3e948,37r8xu5e-9vbl-00y2-7stx-64o4vyfrupme,2022,1
c4906074-ce3f-48b7-bc22-2df39bb3e948,9v1c4l2v-da2c-tfz7-iulr-igjexv7my5tn,2023,1
30aa77a0-fb15-4dd9-8efa-9dbfa3cf57e1,a436k0zx-48xv-xs7u-8u7r-ymkblug4rftu,2020,1
30aa77a0-fb15-4dd9-8efa-9dbfa3cf57e1,gqk8rwa4-qe9w-j0dc-0f7r-kinq4fwba4u5,2020,2
30aa77a0-fb15-4dd9-8efa-9dbfa3cf57e1,2nupves1-0oql-gx6r-rsou-fi4gtjdzf5gp,2021,1
30aa77a0-fb15-4dd9-8efa-9dbfa3cf57e1,yeemswze-9my3-55o1-x14e-z4soi26375ta,2022,1
30aa77a0-fb15-4dd9-8efa-9dbfa3cf57e1,376s5hvy-eqcd-bhtp-m8gj-6dn3f3uhhx2l,2022,2
30aa77a0-fb15-4dd9-8efa-9dbfa3cf57e1,eocvkarh-mues-5fgn-vz31-mfshposeic1y,2023,1
ddee628a-b322-4999-9904-2cef31ca23d7,j1sxzvn5-l3qy-uvdz-xrqz-6kphyci8pk4v,2020,1
ddee628a-b322-4999-9904-2cef31ca23d7,o4vq5ro2-v4gr-ho7p-dloo-0e4a882uiq8d,2020,2
ddee628a-b322-4999-9904-2cef31ca23d7,wpua0qrx-n5cr-jjqh-h147-9ukpo4aan13w,2021,1
ddee628a-b322-4999-9904-2cef31ca23d7,bj2eti99-u0p0-jprg-au7e-d4qaeflzkzrl,2021,2
ddee628a-b322-4999-9904-2cef31ca23d7,du8saixa-1osi-eywn-in7y-9cvc1h5aoy9o,2022,1
ddee628a-b322-4999-9904-2cef31ca23d7,gr2rlqur-kqob-3gn4-gbt7-v1ml9cio5kb6,2022,2
ddee628a-b322-4999-9904-2cef31ca23d7,noivppe6-sdcn-4hsb-jqko-204n8gb4xygc,2023,1
5385d627-f38f-4f07-a1fb-840f1cf08c88,dv0t3r5g-lrii-exrv-llcy-0ufnmmxsjnf6,2020,1
5385d627-f38f-4f07-a1fb-840f1cf08c88,ilyf5k2f-1sd2-c95m-sqq9-m4tek3n2wjuy,2021,1
5385d627-f38f-4f07-a1fb-840f1cf08c88,xl8t0e3s-gsve-ltcs-0pu7-hj7olehyn0kh,2022,1
5385d627-f38f-4f07-a1fb-840f1cf08c88,c1llvhy3-gze0-s3sq-5m4w-a8c89htbb8lo,2022,2
5385d627-f38f-4f07-a1fb-840f1cf08c88,9w3cr51a-62sn-2e9a-35vd-mem5acvux39r,2023,1
5385d627-f38f-4f07-a1fb-840f1cf08c88,oqny3fmj-6vye-yvrp-lty7-l4dx743a1da5,2023,2
40aaba87-5e4a-4532-b5be-bd59a5ba1611,epbshn0c-dfnu-e7d4-tnv3-7yh9px6abl2n,2020,1
40aaba87-5e4a-4532-b5be-bd59a5ba1611,l9kewarm-ajsb-5qdn-9b2v-eg0a58rehmgv,2020,2
40aaba87-5e4a-4532-b5be-bd59a5ba1611,m9onnsgg-o8m8-41gc-6m8a-k27ayp2eg528,2021,1
40aaba87-5e4a-4532-b5be-bd59a5ba1611,liywwbsv-qg9h-55h4-9afv-rw515nluk2gk,2021,2
40aaba87-5e4a-4532-b5be-bd59a5ba1611,pkp2n0th-qnqq-38kd-2kt6-vr0ji31kt9xb,2022,1
40aaba87-5e4a-4532-b5be-bd59a5ba1611,y5f8qcsl-2jdi-vhiq-j4jh-x8375ufcaxl5,2022,2
40aaba87-5e4a-4532-b5be-bd59a5ba1611,3bgyp5u1-6b15-t7u3-0e9u-t2l7jg78srwu,2023,1
40aaba87-5e4a-4532-b5be-bd59a5ba1611,0e49wb5l-t2yg-2ewc-m92z-0yb86igjky34,2023,2
ddce71bd-e266-4f12-bd75-d0a9b327c12a,n4o8xqi1-gug2-9syt-1cs5-niqmvu4wvihf,2020,1
ddce71bd-e266-4f12-bd75-d0a9b327c12a,cgmdgs4d-eapx-i2iz-ecea-92vsgutvv95k,2021,1
ddce71bd-e266-4f12-bd75-d0a9b327c12a,4fb8q9t4-dlaq-g9yh-9yn8-oi7s3gl1cz84,2022,1
ddce71bd-e266-4f12-bd75-d0a9b327c12a,ys22a7si-beo6-1pq1-odkp-3qz3r3ycn7wr,2022,2
ddce71bd-e266-4f12-bd75-d0a9b327c12a,lnsme8b2-vdld-aip8-3urr-zludlgj2l7a1,2023,1
ddce71bd-e266-4f12-bd75-d0a9b327c12a,0vsj9aad-xlv0-n63e-1te1-k7xkcy6zeeo2,2023,2
7a2b9da8-de5a-48d9-b77b-781955a16084,3vjjxul6-poi3-iwev-bq5b-yqlnezwnxixj,2020,1
7a2b9da8-de5a-48d9-b77b-781955a16084,tl9ptzx4-sj2v-zkce-sr9l-8r83an4id2uu,2021,1
7a2b9da8-de5a-48d9-b77b-781955a16084,yhzm0gwe-j6pg-7d5s-nvsw-uvw3jy3q25o5,2021,2
7a2b9da8-de5a-48d9-b77b-781955a16084,hythccdz-tw4o-38k5-amkw-92k3qm3y21jn,2022,1
7a2b9da8-de5a-48d9-b77b-781955a16084,sqow5jjv-x72p-yt9q-7r4n-o7at8cse8ckc,2022,2
7a2b9da8-de5a-48d9-b77b-781955a16084,fltycy4f-81ml-231o-57x0-qqfuc39mcv5f,2023,1
9ecf3c50-f992-4389-96c0-a4bafd46c48b,wgmxb8ar-i6bi-cd9g-430v-5td2xm9brn2u,2020,1
9ecf3c50-f992-4389-96c0-a4bafd46c48b,ri6hlx8e-2a32-akzg-xks2-r9hvyb0483vj,2020,2
9ecf3c50-f992-4389-96c0-a4bafd46c48b,tf3n8sni-krza-61vf-dn9v-p1ewk4zymx5s,2021,1
9ecf3c50-f992-4389-96c0-a4bafd46c48b,w4jhjfgi-pbyc-toh7-gkee-x61qriuuhuat,2021,2
9ecf3c50-f992-4389-96c0-a4bafd46c48b,9hlm451h-jlaw-6ig7-djmr-f4o5b7qat3yg,2022,1
9ecf3c50-f992-4389-96c0-a4bafd46c48b,lw94admo-1kky-dt5i-bdrc-48s4vuavkk8s,2022,2
9ecf3c50-f992-4389-96c0-a4bafd46c48b,3jtseop0-ce3t-4jon-u93i-m4mn2zofwgkb,2023,1
e442512f-e7e8-4ad3-ada8-d3cd1b2c86c8,9luw3pkr-ate0-4d0l-yglz-mwl9oszcm6f3,2020,1
e442512f-e7e8-4ad3-ada8-d3cd1b2c86c8,ujempn9d-t3jx-bzu0-1ek1-4hr6uh35575u,2020,2
e442512f-e7e8-4ad3-ada8-d3cd1b2c86c8,l6rxniy1-hzn8-u34e-5enl-bt3kzmmliiex,2021,1
e442512f-e7e8-4ad3-ada8-d3cd1b2c86c8,l925jhwo-9fwh-ydy8-80vf-b4x541gakrba,2021,2
e442512f-e7e8-4ad3-ada8-d3cd1b2c86c8,o569z5aq-ctyt-6hc6-zst4-x4t1d654qxgt,2022,1
e442512f-e7e8-4ad3-ada8-d3cd1b2c86c8,6f57bnpn-skpc-x20r-67te-4il6cowv6c76,2022,2
e442512f-e7e8-4ad3-ada8-d3cd1b2c86c8,b6sgdb7m-hwro-eruc-xtli-jylxc7ca1hzw,2023,1
1d52ca9d-7ba3-428b-870d-0370c28589f3,w5iasd80-z4nv-5mxa-glzf-iadopkzlqdhd,2020,1
1d52ca9d-7ba3-428b-870d-0370c28589f3,9rfipbcc-89h5-v97t-bbif-47qc736niyw7,2021,1
1d52ca9d-7ba3-428b-870d-0370c28589f3,qsi7wipr-ytq2-h699-697j-zz46nk3tb4xr,2021,2
1d52ca9d-7ba3-428b-870d-0370c28589f3,su6j3ahh-m4is-bdxg-j7k1-qluakhlxwh5p,2022,1
1d52ca9d-7ba3-428b-870d-0370c28589f3,55fqkwb4-gvja-qx5k-8u64-lotnrpggi6q5,2022,2
1d52ca9d-7ba3-428b-870d-0370c28589f3,setf25vq-nag1-9xk3-qu4b-gd7hqf24tanb,2023,1
9251bb39-b6bf-4ab9-9ff7-b61db0a3c340,1f4nypqr-1bgv-efy2-kli9-rm6fxgkljlx1,2020,1
9251bb39-b6bf-4ab9-9ff7-b61db0a3c340,wdmoa74b-18cz-xjqy-wslp-u2iplkbpnjbf,2021,1
9251bb39-b6bf-4ab9-9ff7-b61db0a3c340,44beoqnc-8ici-kj00-n13h-hdmmyib75jsn,2021,2
9251bb39-b6bf-4ab9-9ff7-b61db0a3c340,xxvlg10d-k5ab-bf5h-evzz-upjtioszfjvg,2022,1
9251bb39-b6bf-4ab9-9ff7-b61db0a3c340,6rqfvbxz-jxdz-gkbv-5be4-v8dpnhrnqvz1,2022,2
9251bb39-b6bf-4ab9-9ff7-b61db0a3c340,7x5k5hww-p8gx-svy4-6uav-374bjap1p7ne,2023,1
9251bb39-b6bf-4ab9-9ff7-b61db0a3c340,17shajnd-ruz0-t9a4-ry0y-nddgxc4pqr8p,2023,2
3b2c751d-4ed2-4da6-be71-4c19769543bf,0oegg4o0-hjuy-ui7x-qxo3-4yedoumhcoju,2020,1
3b2c751d-4ed2-4da6-be71-4c19769543bf,hitan7il-lubz-ayzs-ooge-5uiwn6d14bxp,2021,1
3b2c751d-4ed2-4da6-be71-4c19769543bf,bf8pq8n6-wiaj-i32h-ewaa-tb8qpaxvso61,2022,1
3b2c751d-4ed2-4da6-be71-4c19769543bf,qkjhr3j2-3no3-rdkp-kc9p-o6tj3sx81abs,2023,1
10360c14-66ed-4973-bdc6-338c7499845e,3nsxrlra-2nhg-g79j-klbl-exoor2n4h9la,2020,1
10360c14-66ed-4973-bdc6-338c7499845e,5u8ds8ok-x63v-kjtn-qrz3-e853gem7889t,2020,2
10360c14-66ed-4973-bdc6-338c7499845e,g47r5fpa-tp6l-eb0t-wbfa-7q1r4v9euqos,2021,1
10360c14-66ed-4973-bdc6-338c7499845e,e2bjnzc4-xaz1-ztuj-aard-43tuw57e53r6,2022,1
10360c14-66ed-4973-bdc6-338c7499845e,upuntc1l-u8f6-c4sb-suwq-6h57n8tkmioq,2022,2
10360c14-66ed-4973-bdc6-338c7499845e,06pfnvun-6rzh-1ov2-oqbn-6kva5iyojmrn,2023,1
90f50ae1-d87f-4189-b415-849e96dd96f1,vk9w333c-ro0h-q9n5-s00c-9sdfqwja6w90,2020,1
90f50ae1-d87f-4189-b415-849e96dd96f1,eiuaa7ia-o6x4-gvaq-lhtm-ynyvkjjmc3u4,2020,2
90f50ae1-d87f-4189-b415-849e96dd96f1,4zbn5gqs-krvu-zy5r-e4lc-2w23iex0h4uu,2021,1
90f50ae1-d87f-4189-b415-849e96dd96f1,li9ws8hf-ciov-x95e-nunf-6eidbalau19m,2021,2
90f50ae1-d87f-4189-b415-849e96dd96f1,thdz4vff-2unv-oo4d-kxum-suacf2e9qg2d,2022,1
90f50ae1-d87f-4189-b415-849e96dd96f1,ymfgp606-459h-g8o7-hysb-y1x9ol7yf284,2022,2
90f50ae1-d87f-4189-b415-849e96dd96f1,ppsfet3u-h6cz-vd8z-l8zs-lelp01dow8u0,2023,1
47a190d9-bfa4-4158-852e-b9428312a19c,eltbkycf-vzv2-q5aq-erx2-agofj8qti5dz,2020,1
47a190d9-bfa4-4158-852e-b9428312a19c,y143izc6-idje-ilyj-thft-qmcuslqvglgf,2020,2
47a190d9-bfa4-4158-852e-b9428312a19c,lwq053zd-4wzc-cknl-1elt-t3g3vz3qgaap,2021,1
47a190d9-bfa4-4158-852e-b9428312a19c,c9jfmq4s-ymmo-1b32-xwzi-37yztjziv2uy,2021,2
47a190d9-bfa4-4158-852e-b9428312a19c,scljzy6k-ebh1-bzfj-zybn-a77efej7fw3w,2022,1
47a190d9-bfa4-4158-852e-b9428312a19c,k6eyjvvy-hqgq-bs93-mg3t-6z7r2uvaxupb,2023,1
237c9ae0-2f26-4eca-a083-28778d813825,4zsiz03w-frjj-d77g-qau7-r55cnau8i9vk,2020,1
237c9ae0-2f26-4eca-a083-28778d813825,ko03bvbw-zp3u-a31t-ar5s-6x5agergq0pp,2020,2
237c9ae0-2f26-4eca-a083-28778d813825,wanaga71-aizp-5cg0-5539-lddst70yqj5w,2021,1
237c9ae0-2f26-4eca-a083-28778d813825,wqgrpoks-q3cn-mswm-8c0f-k6n7yn1ekex7,2022,1
237c9ae0-2f26-4eca-a083-28778d813825,v65w2yhm-z7fk-isua-6ird-iudg7k7769sd,2023,1
237c9ae0-2f26-4eca-a083-28778d813825,nz5twaof-mtxa-hjcp-tob8-12opx9qe9yvf,2023,2
98b33b54-deeb-4e36-9d52-02c86fbfd510,rbex1r1q-xpkc-rdal-aj4k-qleoroj5ffuo,2020,1
98b33b54-deeb-4e36-9d52-02c86fbfd510,0h87p1zp-wil1-4u7z-xmqc-86yghubkljvq,2020,2
98b33b54-deeb-4e36-9d52-02c86fbfd510,zltxbim7-36c2-zeq8-twee-qqk9hoakuzht,2021,1
98b33b54-deeb-4e36-9d52-02c86fbfd510,3d1qymo8-9qyy-44tp-p089-psive15sct1s,2022,1
98b33b54-deeb-4e36-9d52-02c86fbfd510,zg5ccyuh-wprg-0kx5-007g-549gj4215d5v,2022,2
98b33b54-deeb-4e36-9d52-02c86fbfd510,o8wo92ss-i946-ppti-vmok-xa27fm03k3oq,2023,1
98b33b54-deeb-4e36-9d52-02c86fbfd510,q0kdy026-vbnm-hhg2-rhjr-5vw7t437s0b9,2023,2
76bda6dd-359d-4a2f-aea7-4e7dab39926c,5tovgf5n-f1oh-x2dp-a5o6-casuq1co17zi,2020,1
76bda6dd-359d-4a2f-aea7-4e7dab39926c,cuapaz4m-iu5o-demj-ufmu-s5v3b2aqhtg5,2020,2
76bda6dd-359d-4a2f-aea7-4e7dab39926c,qr07i712-e8gc-t51d-krtt-0mu7teng4cs2,2021,1
76bda6dd-359d-4a2f-aea7-4e7dab39926c,o6t42u5t-8wbn-fnsp-96ul-pc1s25q43y3q,2022,1
76bda6dd-359d-4a2f-aea7-4e7dab39926c,mqoua9ss-ldo4-nwle-4snl-q2u15k9hh7yo,2022,2
76bda6dd-359d-4a2f-aea7-4e7dab39926c,6mmao8yr-kpv9-zzxq-4278-k7zc20cxwwmy,2023,1
9f12bb35-cade-4b75-b689-860823fbf2cb,cbnbgy9n-l23d-fahv-dc8r-s3fjryk3cu39,2020,1
9f12bb35-cade-4b75-b689-860823fbf2cb,37sontm3-deq6-pa32-uh4c-r5kv77nwk0j0,2021,1
9f12bb35-cade-4b75-b689-860823fbf2cb,gl10qgsj-yctb-ly23-wp3a-c9ss0hrmjfqx,2022,1
9f12bb35-cade-4b75-b689-860823fbf2cb,5xlpwqlq-eu87-og87-svv3-v91gz75ab3t6,2022,2
9f12bb35-cade-4b75-b689-860823fbf2cb,7zk0ennt-gt0a-q1s5-vmt2-pjsntdnorfc5,2023,1
9f12bb35-cade-4b75-b689-860823fbf2cb,4qmvci2t-ztrg-rpul-2xhy-bu27bttwwqsg,2023,2
26c4ed67-b7d5-4a46-8317-87decb51a69c,m0aycbyk-mztk-6vzn-eowz-3n96j4d489yc,2020,1
26c4ed67-b7d5-4a46-8317-87decb51a69c,leqemmk7-fc4x-fyr2-k46r-4432r73zfi6n,2021,1
26c4ed67-b7d5-4a46-8317-87decb51a69c,28863ddh-fbb9-z7nz-1pkf-3n5gjhglo8l2,2021,2
26c4ed67-b7d5-4a46-8317-87decb51a69c,n4d2byd3-uuad-v78u-htsh-lb61n7vk66hh,2022,1
26c4ed67-b7d5-4a46-8317-87decb51a69c,z3b1unrm-ltnn-9hk8-0kjz-8874q2czgirf,2022,2
26c4ed67-b7d5-4a46-8317-87decb51a69c,z2bqp7ce-5ncy-gh48-92qt-emv12zhbswb9,2023,1
26c4ed67-b7d5-4a46-8317-87decb51a69c,urm46f0y-yjd3-3ign-4wsv-hxyzte1f3322,2023,2
28927fa0-8dca-4082-a7d0-abd989c8ef12,wwavzx8g-kxkq-8td4-w4ft-x6jozzvth22q,2020,1
28927fa0-8dca-4082-a7d0-abd989c8ef12,rfd7iivu-6tqq-ozv4-nhgn-8ds4sexgbotu,2021,1
28927fa0-8dca-4082-a7d0-abd989c8ef12,kozzkkcj-i8ar-mxld-557b-z7b6h2pkj82s,2022,1
28927fa0-8dca-4082-a7d0-abd989c8ef12,808qob46-3fcl-elyr-f8rk-bkgtb3qxmlhb,2023,1
28927fa0-8dca-4082-a7d0-abd989c8ef12,mobw5asf-txfb-0qwo-lyox-dzre0qwjchlf,2023,2
75a40e9a-d458-4cb2-8d3a-ad0f3c60134c,0i4cbrhu-1ruy-jkcu-th4v-6l97d8ao8qcm,2020,1
75a40e9a-d458-4cb2-8d3a-ad0f3c60134c,wnty79oy-77qp-3pey-5dpq-gi3ke2n6gyn9,2021,1
75a40e9a-d458-4cb2-8d3a-ad0f3c60134c,y813lsj7-1vg1-lqlk-ojlg-cyxmgs9sz9rh,2022,1
75a40e9a-d458-4cb2-8d3a-ad0f3c60134c,y3j02ld1-b80r-4yya-ppah-tpedrexfqd0d,2022,2
75a40e9a-d458-4cb2-8d3a-ad0f3c60134c,qgi3vk2b-5gae-utcj-usfn-49gvg61vwvop,2023,1
1f978602-0f0f-4e8b-a8f0-423b4fe882f4,wa3zt39g-orzi-xrz0-pvf0-pcopg9n1ueg8,2020,1
1f978602-0f0f-4e8b-a8f0-423b4fe882f4,0yzn37jt-apiy-9y0k-ic7b-3rnxyrqzvzob,2020,2
1f978602-0f0f-4e8b-a8f0-423b4fe882f4,cmpf2bbp-ydui-ahn3-eyyh-jon4pcl2kvze,2021,1
1f978602-0f0f-4e8b-a8f0-423b4fe882f4,izj48gwi-e5ve-pmpi-sp2w-8b56uia6i3xw,2021,2
1f978602-0f0f-4e8b-a8f0-423b4fe882f4,sj90crof-l9ef-qmc3-tkea-l3jgar8btc9w,2022,1
1f978602-0f0f-4e8b-a8f0-423b4fe882f4,5yuijppo-0vyd-twjh-ocl4-c5plxykse6bu,2022,2
1f978602-0f0f-4e8b-a8f0-423b4fe882f4,1ppcajvk-pq6m-9eu9-89vx-3xafi6c11a79,2023,1
1f978602-0f0f-4e8b-a8f0-423b4fe882f4,trihf8fb-0xh5-bswc-p8eo-svvplhj4k4vi,2023,2
27a6e7c4-31cf-47d3-87f1-3163dec68ab5,ydw5hua0-l5k5-my7y-auqz-k6r2lbjtw8vs,2020,1
27a6e7c4-31cf-47d3-87f1-3163dec68ab5,ovig1uw0-8eek-qwh2-lykv-3b17bggjhwzz,2020,2
27a6e7c4-31cf-47d3-87f1-3163dec68ab5,710wy49k-nwmt-gtr1-h43r-ylzatc3kc2fd,2021,1
27a6e7c4-31cf-47d3-87f1-3163dec68ab5,54il8541-rdjz-zagi-0g23-m4tjmod5mcqp,2021,2
27a6e7c4-31cf-47d3-87f1-3163dec68ab5,21t77ucb-o0gq-y9vr-qqom-gldpq3c1w7zh,2022,1
27a6e7c4-31cf-47d3-87f1-3163dec68ab5,tn3vdnkm-sxu5-8wph-nyyo-4vg8m40a0qtn,2023,1
27a6e7c4-31cf-47d3-87f1-3163dec68ab5,v5y7rzar-bmui-wksj-d39a-v4t0i4f2yx2p,2023,2
4a3eb43b-e335-492f-bb9c-1413cca299d4,ronmxvkv-8gai-jzfz-5lg4-jmu3qo9qz8lq,2020,1
4a3eb43b-e335-492f-bb9c-1413cca299d4,7x0gg0xb-ofz2-69zd-4qpm-mx0keoj25ew2,2021,1
4a3eb43b-e335-492f-bb9c-1413cca299d4,9fqa3p4h-pcai-serl-0ngg-tv7s8kiaqp3u,2021,2
4a3eb43b-e335-492f-bb9c-1413cca299d4,6vd1a3qy-1mbn-ej5q-gglf-zyvunykr0u5f,2022,1
4a3eb43b-e335-492f-bb9c-1413cca299d4,z80zs5yj-uio9-mqci-6m89-q4x3dd7bxr1g,2022,2
4a3eb43b-e335-492f-bb9c-1413cca299d4,z2yp250l-8hd3-s2sn-sk7q-6djibdx0wfee,2023,1
2247e234-68d6-483d-9dd3-a9b9ed8d8773,wrqf1ws9-1g26-gqgk-ozsq-mu1px0ktovx6,2020,1
2247e234-68d6-483d-9dd3-a9b9ed8d8773,9h7ioalu-j3d8-zaw9-sw7w-cr4ijex5wao3,2020,2
2247e234-68d6-483d-9dd3-a9b9ed8d8773,9tcg2mfw-3fop-lmnb-vryy-xen4hbfbxrqt,2021,1
2247e234-68d6-483d-9dd3-a9b9ed8d8773,w8zrh0vl-42xu-cxvl-2y71-f9jldpmjkljn,2021,2
2247e234-68d6-483d-9dd3-a9b9ed8d8773,5gniavaq-35gx-vfjc-xrnl-kw33fl55cmf6,2022,1
2247e234-68d6-483d-9dd3-a9b9ed8d8773,7fp0ib8n-kkvu-1zkf-kbvc-3g9oaolppfaj,2023,1
41bfda96-f67a-4623-976c-d573aa55dfd4,b6kdw2h7-cd9z-7bmv-6qy6-6rlyak5316md,2020,1
41bfda96-f67a-4623-976c-d573aa55dfd4,xugk8gj6-rfky-o8wp-rtzk-a0p7owgt2umo,2020,2
41bfda96-f67a-4623-976c-d573aa55dfd4,2ezq8z2z-l4pc-478j-oudd-orsztmtq3zaz,2021,1
41bfda96-f67a-4623-976c-d573aa55dfd4,tb448uuw-ans4-1cu3-802z-yl2owaq2gnz7,2021,2
41bfda96-f67a-4623-976c-d573aa55dfd4,2q5y029k-569w-zcxh-lgp2-wj7ju592b7w9,2022,1
41bfda96-f67a-4623-976c-d573aa55dfd4,tgfmevlv-8klu-pnb4-0cb2-q87nyc3wfa4s,2022,2
41bfda96-f67a-4623-976c-d573aa55dfd4,vlm94x05-cdum-09od-7z01-paoyy0ohjo1v,2023,1
af9217e1-baa5-48b2-af0f-94eeaef5070f,5jmk2gh2-5unu-5knq-txyn-phmxplh7tfjd,2020,1
af9217e1-baa5-48b2-af0f-94eeaef5070f,tau5ujcd-2i2q-kd4o-zr3h-nf2ujitajw8t,2020,2
af9217e1-baa5-48b2-af0f-94eeaef5070f,esvxrdm8-asxy-bv6s-04j6-6dy6rwn15kaf,2021,1
af9217e1-baa5-48b2-af0f-94eeaef5070f,43z31mbk-ujtc-snd8-fced-nuoo34ftbxw9,2022,1
af9217e1-baa5-48b2-af0f-94eeaef5070f,bx16q3p0-7qt5-fka5-xyyz-3yzj9m1xgpki,2023,1
af9217e1-baa5-48b2-af0f-94eeaef5070f,51s55hc5-2k2s-xnd0-fa71-zzxgm3ar3s8l,2023,2
7b328dcc-4ced-46c5-afe5-d4d091163176,op08brad-gzk5-fsyb-5g05-9v7dfrdltwjo,2020,1
7b328dcc-4ced-46c5-afe5-d4d091163176,9wk76w7w-r1wq-hy29-9anb-jtryy85hvntk,2020,2
7b328dcc-4ced-46c5-afe5-d4d091163176,h7xfco1p-rivt-2bxw-akaq-yqu3i92h0udm,2021,1
7b328dcc-4ced-46c5-afe5-d4d091163176,83sv0omb-zmt5-eg07-fo3b-1jwe02hfaeuf,2021,2
7b328dcc-4ced-46c5-afe5-d4d091163176,qrgbqmyk-th04-ukqq-gs9n-8pijn1lga4zg,2022,1
7b328dcc-4ced-46c5-afe5-d4d091163176,kvjuvgko-dofj-sp0j-567f-w46jac6rmtrw,2022,2
7b328dcc-4ced-46c5-afe5-d4d091163176,7i0nwhhu-ffmn-0idd-wkny-wfkovac70ixn,2023,1
a78f2c18-4d1d-4790-93a0-52aff92de25f,a7hhre9l-vuls-34g5-n7re-u3m6kgq7kamt,2020,1
a78f2c18-4d1d-4790-93a0-52aff92de25f,lq18y1ji-03d9-k1p6-0mwq-tbe3yjdoi9w5,2021,1
a78f2c18-4d1d-4790-93a0-52aff92de25f,ru7z0ey0-xe89-2qrd-bsst-6x0n7pkpb99d,2021,2
a78f2c18-4d1d-4790-93a0-52aff92de25f,5l5a1pgl-ekn4-3xgp-cmjh-rn63ojvd9oxq,2022,1
a78f2c18-4d1d-4790-93a0-52aff92de25f,kny73hdy-8xg1-zajt-f19b-uqdoa0emhy5m,2022,2
a78f2c18-4d1d-4790-93a0-52aff92de25f,zkxieg2g-mt94-n7f3-1hya-5ba8sew8ohd4,2023,1
a78f2c18-4d1d-4790-93a0-52aff92de25f,02s0yi9l-szyq-mk0k-nhyd-mylhw38vsn1u,2023,2
cf014da0-4fc0-4d80-8ba6-5077f19f4ff9,ddlizvvx-ui1r-iw3i-prxr-2rvi6j05c67v,2020,1
cf014da0-4fc0-4d80-8ba6-5077f19f4ff9,wm24isw9-6hpx-yvfq-xqnd-kfc3tk8ih7av,2021,1
cf014da0-4fc0-4d80-8ba6-5077f19f4ff9,9jzx0b8x-jolg-kxw8-dzj6-ue9g0767zugf,2022,1
cf014da0-4fc0-4d80-8ba6-5077f19f4ff9,gqb69lo0-ut1w-7q7o-pxvv-q2njgihitdw7,2022,2
cf014da0-4fc0-4d80-8ba6-5077f19f4ff9,9wsuaxj3-6fah-9o7u-jgbu-tshrgr4rtnvp,2023,1
cf014da0-4fc0-4d80-8ba6-5077f19f4ff9,dg2egpng-6a05-43bo-8f38-2zmi0lfa00z0,2023,2
e835b325-1be9-40c8-9afb-f4f6afeaa028,qw21hipb-5gu4-k65b-k0xc-jy11g9yv3hc4,2020,1
e835b325-1be9-40c8-9afb-f4f6afeaa028,0e6mnr66-jvx3-rceg-w2vu-b5q114pfj02x,2020,2
e835b325-1be9-40c8-9afb-f4f6afeaa028,67olbcur-6osi-bwp4-92ma-rfw6gxm73mku,2021,1
e835b325-1be9-40c8-9afb-f4f6afeaa028,pucuc1d4-r49c-a6t7-vnz9-8oa7kdr10mrw,2021,2
e835b325-1be9-40c8-9afb-f4f6afeaa028,6o4zkhc2-aoxe-hbmg-budu-ibc388nlucjg,2022,1
e835b325-1be9-40c8-9afb-f4f6afeaa028,keli4g71-0ow5-l5c8-n6sq-999xwmqkafnu,2023,1
e835b325-1be9-40c8-9afb-f4f6afeaa028,rha3rjs2-rfv4-330c-s74q-qo36a2a3uzfi,2023,2
f48a2213-32cb-4fb4-908d-7c5b231196e9,tdm3f845-o7qq-0s35-hzp7-gaapl5vga92u,2020,1
f48a2213-32cb-4fb4-908d-7c5b231196e9,5uki979l-f711-8ttb-puug-upfy6hqfwtro,2020,2
f48a2213-32cb-4fb4-908d-7c5b231196e9,sb65qmre-v7gr-q13o-89yi-3riudjmn5q7b,2021,1
f48a2213-32cb-4fb4-908d-7c5b231196e9,5lhsjm7u-e8dw-nhcj-i4ln-apcmoegnfgyk,2021,2
f48a2213-32cb-4fb4-908d-7c5b231196e9,k4ohl8tr-jn5u-hrsg-6wng-ubsjwl4bkz17,2022,1
f48a2213-32cb-4fb4-908d-7c5b231196e9,3npeq7ij-o7gk-v6m4-ch6s-rsl9pgkw3h2z,2022,2
f48a2213-32cb-4fb4-908d-7c5b231196e9,8wgjjh06-7wk9-9kq4-vmdi-7d1qjqs0jxgn,2023,1
f48a2213-32cb-4fb4-908d-7c5b231196e9,5wa2gjh2-wb3u-bf3b-xf7n-kf8b3rth25tl,2023,2
c494f143-afa1-4343-9967-bd08727d8305,3mppdaq4-joij-luou-259f-qgokmiib7j3x,2020,1
c494f143-afa1-4343-9967-bd08727d8305,49pwixvy-nm30-5pz4-k18s-yug6vlykyywj,2020,2
c494f143-afa1-4343-9967-bd08727d8305,8igemviq-yxuv-vqia-kuyb-4dhh72i2wkf0,2021,1
c494f143-afa1-4343-9967-bd08727d8305,6ntieguf-3cco-hzdi-fsep-m36kwycuuqd7,2022,1
c494f143-afa1-4343-9967-bd08727d8305,afuq7k9k-m9ha-91ue-eli8-pi4i4w670241,2022,2
c494f143-afa1-4343-9967-bd08727d8305,ff5cysvh-wdj7-hwwv-lw8h-mh75uknzgpxb,2023,1
9210d210-bca6-40ed-a5fe-580255c0b0e6,6rfxfcsm-lvfl-ij2j-riar-amzoqqvxeiwq,2020,1
9210d210-bca6-40ed-a5fe-580255c0b0e6,7squfi5y-tzur-dnj6-wk9r-dkjaujd0fc1o,2021,1
9210d210-bca6-40ed-a5fe-580255c0b0e6,erexbv09-azmb-t430-ick3-rbkyf0sfas7j,2022,1
9210d210-bca6-40ed-a5fe-580255c0b0e6,wo8khxae-huya-hwqq-iasa-os9gsgkgc784,2022,2
9210d210-bca6-40ed-a5fe-580255c0b0e6,s5ya84y1-9m6t-gvj5-9j54-en0xsjdnk8e5,2023,1
9210d210-bca6-40ed-a5fe-580255c0b0e6,uw815088-afxq-79th-z6o6-ocse4nejit6r,2023,2
f83c0eba-cf5a-4172-ae40-b5b5e49ae1c1,4zzipq9z-n2vn-6tz1-ui8c-dwpyc3hjnrdb,2020,1
f83c0eba-cf5a-4172-ae40-b5b5e49ae1c1,511920be-5v72-lm8x-nls9-4h7szn1x7fih,2021,1
f83c0eba-cf5a-4172-ae40-b5b5e49ae1c1,4wy8nvgl-nkff-jur5-njs2-byoimarjaqlp,2021,2
f83c0eba-cf5a-4172-ae40-b5b5e49ae1c1,0lntk8n5-16dw-87xz-x49h-z9lrpqtuf4kn,2022,1
f83c0eba-cf5a-4172-ae40-b5b5e49ae1c1,fkc6pjjl-ysvn-uwrj-6h28-5c4le81fef7t,2022,2
f83c0eba-cf5a-4172-ae40-b5b5e49ae1c1,0dm0wdwu-z0hw-dzau-kjx9-h8woklih0wbv,2023,1
8f2e5f4f-47a2-4795-a8c3-949271aa9aa6,9zd2ut49-z4u8-o1pc-7fa4-18bwzlb7w0av,2020,1
8f2e5f4f-47a2-4795-a8c3-949271aa9aa6,740bqno6-pc45-v9kv-7745-4jsvr4caxq8y,2020,2
8f2e5f4f-47a2-4795-a8c3-949271aa9aa6,83m7j3e2-sa5m-ngp3-fdlp-r9233ndawuyy,2021,1
8f2e5f4f-47a2-4795-a8c3-949271aa9aa6,t2jx5kod-xpnl-70wt-gd10-du5icfrbnh5s,2022,1
8f2e5f4f-47a2-4795-a8c3-949271aa9aa6,17nri9i3-rgrw-0t4f-eop4-ry9qdvqsqe4s,2022,2
8f2e5f4f-47a2-4795-a8c3-949271aa9aa6,rttc9658-73b3-6t59-6sm4-qli26mfyw9b5,2023,1
c55d7796-a7a8-4ecc-8b05-b170c92c86c6,8bidylwe-v3zu-bubs-gqin-b5dj6wlia7rl,2020,1
c55d7796-a7a8-4ecc-8b05-b170c92c86c6,lgfum1b1-sm1q-qjyj-q7g0-j7804lqwe92q,2020,2
c55d7796-a7a8-4ecc-8b05-b170c92c86c6,8fhfzprd-n45u-dj2h-49lr-mouz6q9mo8rp,2021,1
c55d7796-a7a8-4ecc-8b05-b170c92c86c6,x7gkyw2u-xb5l-tirb-pv1s-gjvms5v0px0u,2022,1
c55d7796-a7a8-4ecc-8b05-b170c92c86c6,3dry490r-pamd-304b-0z0h-eekibkivb95g,2023,1
cc594ac8-f8e4-40fb-abce-cac6f2bcb44b,xmba8sqj-bd7f-veyo-plsc-8lpthju3bfze,2020,1
cc594ac8-f8e4-40fb-abce-cac6f2bcb44b,v9rm762m-g7s1-a39k-15n6-x4wmneg8cdby,2020,2
cc594ac8-f8e4-40fb-abce-cac6f2bcb44b,jyra5n9q-c3fw-ghg9-bssf-slbfeixtmq1s,2021,1
cc594ac8-f8e4-40fb-abce-cac6f2bcb44b,km3afamj-gx2y-83zf-5y10-qprjaujz6fi1,2022,1
cc594ac8-f8e4-40fb-abce-cac6f2bcb44b,frcwmpz4-e7sj-no0v-mqq8-handkwpgc4ry,2022,2
cc594ac8-f8e4-40fb-abce-cac6f2bcb44b,xyqsgjgf-as1u-l8zy-d9s7-qbqhj1gyqx5j,2023,1
cc594ac8-f8e4-40fb-abce-cac6f2bcb44b,0cn5aihk-h9cf-hwpv-hrmd-znv7syk5adi3,2023,2
cd5f554f-e368-459a-b830-ceea0d8191fa,xkvjv0ck-afs2-ji5g-o6aa-kh1n27hz5knc,2020,1
cd5f554f-e368-459a-b830-ceea0d8191fa,drga3ind-oe7o-dfpt-o1lt-r3fscte9ad7z,2021,1
cd5f554f-e368-459a-b830-ceea0d8191fa,7pp6fpix-gih1-269t-y2bc-so44y1ulbsr7,2022,1
cd5f554f-e368-459a-b830-ceea0d8191fa,opfbgzki-ez5x-2aqf-59rl-pf4gkhco0989,2023,1
6b4ac8b4-2a1a-40f5-807d-f3cffd6e0b1b,oor3odtj-ck8g-y6ov-1t7y-01wy8gp3y12e,2020,1
6b4ac8b4-2a1a-40f5-807d-f3cffd6e0b1b,in1fw2v6-oko5-yxwn-4s93-fl4mk0vdrcwd,2020,2
6b4ac8b4-2a1a-40f5-807d-f3cffd6e0b1b,3nohzmeg-1v9g-ck9j-ysfr-bxno38f3wbkk,2021,1
6b4ac8b4-2a1a-40f5-807d-f3cffd6e0b1b,uwol4ul4-jjx8-4rr6-oafi-1re0z6p3kf6k,2022,1
6b4ac8b4-2a1a-40f5-807d-f3cffd6e0b1b,6lgesjqy-zmsp-pm7s-3ne0-ex3dicjtqbb5,2022,2
6b4ac8b4-2a1a-40f5-807d-f3cffd6e0b1b,rf4gkbdl-0mm2-xcgr-froy-ogckpp6ktjc2,2023,1
6b4ac8b4-2a1a-40f5-807d-f3cffd6e0b1b,v5zzoqxc-uvv0-6vef-9s7e-7w599oo86f1o,2023,2
3dbb0e3e-42e8-455a-81f4-6bec5ead31b8,034xz0gm-h9t1-4iiz-3qck-r23th9nlmobv,2020,1
3dbb0e3e-42e8-455a-81f4-6bec5ead31b8,i6tn5ppv-cb7k-naa8-y1ko-wbfozz9yv36q,2021,1
3dbb0e3e-42e8-455a-81f4-6bec5ead31b8,6su08a29-8v1e-x8cl-2id5-irqju5klwnw1,2021,2
3dbb0e3e-42e8-455a-81f4-6bec5ead31b8,m5vg7wdz-crip-70wn-7edl-scppiet1ev3q,2022,1
3dbb0e3e-42e8-455a-81f4-6bec5ead31b8,eo7pq787-1ibl-lm92-1ykz-pzj78gv6pnxx,2023,1
9a3d9aca-5a67-4344-92e0-77ce2d11379c,b1a70ilc-31vv-bgg0-k313-vwopbu82g2hg,2020,1
9a3d9aca-5a67-4344-92e0-77ce2d11379c,ngrwkj40-brhi-wahi-0u64-9boxcpvvng8q,2021,1
9a3d9aca-5a67-4344-92e0-77ce2d11379c,35xx2qwt-qekm-a0b2-xluo-ufmta5l5723r,2022,1
9a3d9aca-5a67-4344-92e0-77ce2d11379c,spj1tf7g-rd0o-4sct-xssj-tf2sfxeqmme8,2023,1
